id_ocorrencia,tipo_problema,endereco,bairro,latitude,longitude,data_registro,hora_registro,descricao_problema,caminho_foto,gravidade,orgao_responsavel,responsavel_atendimento,prazo_atendimento_dias,status,data_inicio_atendimento,solucao_ocorrencia,data_resolucao,tempo_resolucao_dias,observacoes
1,Iluminação pública,"Avenida Central, 260",Centro,-25.431901,-49.392054,2026-01-24,03:43,Poste com iluminação defeituosa ou apagada.,/uploads/ocorrencia_1.jpg,Baixa,Secretaria de Serviços Públicos,Equipe 02,10,Resolvida,2026-01-24,Lâmpada e componentes elétricos substituídos,2026-02-02,9,Ocorrência encaminhada para equipe responsável.
2,Calçada quebrada,"Rua Paraná, 743",Centro,-25.398239,-49.360085,2025-07-12,13:14,"Trecho da calçada danificado, dificultando a passagem.",/uploads/ocorrencia_2.jpg,Média,Secretaria de Obras,Equipe 07,5,Resolvida,2025-07-12,Calçada reparada,2025-07-16,4,Serviço concluído e área liberada.
3,Alagamento,"Rua Paraná, 990",Jardim América,-25.429255,-49.198218,2024-04-14,02:24,Ponto da via apresenta acúmulo de água após chuva.,/uploads/ocorrencia_3.jpg,Média,Secretaria de Obras,Equipe 12,3,Resolvida,2024-04-15,Drenagem desobstruída e reparada,2024-04-17,3,Necessária vistoria técnica antes do atendimento.
4,Semáforo com defeito,"Rua das Palmeiras, 90",Bairro Novo,-25.536089,-49.234684,2026-04-29,20:39,Semáforo apresenta falha no funcionamento.,/uploads/ocorrencia_4.jpg,Média,Secretaria de Trânsito,Equipe 13,5,Resolvida,2026-05-01,Semáforo reparado,2026-05-02,3,Serviço concluído e área liberada.
5,Iluminação pública,"Avenida Brasil, 399",Vila Esperança,-25.415965,-49.224545,2025-10-12,11:10,Poste com iluminação defeituosa ou apagada.,/uploads/ocorrencia_5.jpg,Baixa,Secretaria de Serviços Públicos,Equipe 11,7,Resolvida,2025-10-12,Lâmpada e componentes elétricos substituídos,2025-10-15,3,Atendimento realizado dentro do prazo.
6,Lixo acumulado,"Rua XV de Novembro, 483",Vila Esperança,-25.50419,-49.391975,2025-10-17,22:35,Acúmulo de resíduos em área pública.,/uploads/ocorrencia_6.jpg,Média,Secretaria de Limpeza,Equipe 06,3,Resolvida,2025-10-17,Resíduos recolhidos e área limpa,2025-10-20,3,Necessária vistoria técnica antes do atendimento.
7,Alagamento,"Rua Paraná, 945",Bairro Novo,-25.373063,-49.239287,2026-06-16,22:20,Ponto da via apresenta acúmulo de água após chuva.,/uploads/ocorrencia_7.jpg,Alta,Secretaria de Obras,Equipe 03,1,Resolvida,2026-06-17,Drenagem desobstruída e reparada,2026-06-17,1,Serviço concluído e área liberada.
8,Lixo acumulado,"Avenida Central, 774",Vila Esperança,-25.451297,-49.211054,2025-08-20,12:23,Acúmulo de resíduos em área pública.,/uploads/ocorrencia_8.jpg,Média,Secretaria de Limpeza,Equipe 14,3,Resolvida,2025-08-22,Resíduos recolhidos e área limpa,2025-08-22,2,Atendimento realizado dentro do prazo.
9,Lixo acumulado,"Rua das Palmeiras, 620",Jardim América,-25.377844,-49.39713,2025-01-25,19:29,Acúmulo de resíduos em área pública.,/uploads/ocorrencia_9.jpg,Baixa,Secretaria de Limpeza,Equipe 12,10,Resolvida,2025-01-27,Resíduos recolhidos e área limpa,2025-01-30,5,Atendimento realizado dentro do prazo.
10,Semáforo com defeito,"Rua São José, 124",Jardim das Flores,-25.397608,-49.27308,2024-06-10,14:00,Semáforo apresenta falha no funcionamento.,/uploads/ocorrencia_10.jpg,Baixa,Secretaria de Trânsito,Equipe 02,10,Resolvida,2024-06-12,Semáforo reparado,2024-06-15,5,Serviço concluído e área liberada.
11,Semáforo com defeito,"Rua XV de Novembro, 392",Vila Esperança,-25.546105,-49.167725,2025-07-06,16:58,Semáforo apresenta falha no funcionamento.,/uploads/ocorrencia_11.jpg,Média,Secretaria de Trânsito,Equipe 15,3,Resolvida,2025-07-07,Semáforo reparado,2025-07-09,3,Serviço concluído e área liberada.
12,Calçada quebrada,"Rua Paraná, 909",Centro,-25.396833,-49.367902,2024-03-21,02:46,"Trecho da calçada danificado, dificultando a passagem.",/uploads/ocorrencia_12.jpg,Média,Secretaria de Obras,Equipe 08,5,Resolvida,2024-03-23,Calçada reparada,2024-03-23,2,Problema solucionado após intervenção da equipe.
13,Lixo acumulado,"Rua das Palmeiras, 997",Jardim das Flores,-25.35097,-49.23753,2025-07-06,23:44,Acúmulo de resíduos em área pública.,/uploads/ocorrencia_13.jpg,Baixa,Secretaria de Limpeza,Equipe 08,5,Resolvida,2025-07-07,Resíduos recolhidos e área limpa,2025-07-09,3,Problema solucionado após intervenção da equipe.
14,Vazamento de água,"Rua Paraná, 240",Bairro Novo,-25.548562,-49.22304,2024-01-22,18:35,Vazamento de água identificado na via pública.,/uploads/ocorrencia_14.jpg,Baixa,Serviço de Abastecimento de Água,Equipe 01,5,Resolvida,2024-01-22,Vazamento reparado,2024-01-27,5,Ocorrência encaminhada para equipe responsável.
15,Iluminação pública,"Rua São José, 82",Centro,-25.362897,-49.257239,2024-10-12,21:31,Poste com iluminação defeituosa ou apagada.,/uploads/ocorrencia_15.jpg,Média,Secretaria de Serviços Públicos,Equipe 08,3,Resolvida,2024-10-14,Lâmpada e componentes elétricos substituídos,2024-10-14,2,Ocorrência encaminhada para equipe responsável.
16,Vazamento de água,"Rua Paraná, 106",São Lucas,-25.539166,-49.236636,2025-03-17,11:27,Vazamento de água identificado na via pública.,/uploads/ocorrencia_16.jpg,Baixa,Serviço de Abastecimento de Água,Equipe 11,7,Resolvida,2025-03-19,Vazamento reparado,2025-03-21,4,Atendimento realizado dentro do prazo.
17,Buraco na rua,"Rua São José, 829",São Lucas,-25.465624,-49.330364,2024-09-11,06:12,"Buraco identificado na via, oferecendo risco aos veículos.",/uploads/ocorrencia_17.jpg,Alta,Secretaria de Obras,Equipe 04,3,Resolvida,2024-09-11,Buraco preenchido e via recapeada,2024-09-13,2,Atendimento realizado dentro do prazo.
18,Vazamento de água,"Rua das Flores, 677",Bairro Novo,-25.452872,-49.346563,2026-05-06,00:05,Vazamento de água identificado na via pública.,/uploads/ocorrencia_18.jpg,Alta,Serviço de Abastecimento de Água,Equipe 07,1,Resolvida,2026-05-07,Vazamento reparado,2026-05-07,1,Atendimento realizado dentro do prazo.
19,Lixo acumulado,"Rua das Flores, 409",São Lucas,-25.350915,-49.261058,2026-03-13,14:18,Acúmulo de resíduos em área pública.,/uploads/ocorrencia_19.jpg,Baixa,Secretaria de Limpeza,Equipe 12,7,Resolvida,2026-03-15,Resíduos recolhidos e área limpa,2026-03-19,6,Necessária vistoria técnica antes do atendimento.
20,Lixo acumulado,"Avenida Central, 232",Vila Esperança,-25.539972,-49.280803,2025-08-16,23:34,Acúmulo de resíduos em área pública.,/uploads/ocorrencia_20.jpg,Alta,Secretaria de Limpeza,Equipe 15,1,Resolvida,2025-08-16,Resíduos recolhidos e área limpa,2025-08-17,1,Problema solucionado após intervenção da equipe.
21,Lixo acumulado,"Avenida Brasil, 881",Centro,-25.361681,-49.257581,2025-09-01,02:43,Acúmulo de resíduos em área pública.,/uploads/ocorrencia_21.jpg,Baixa,Secretaria de Limpeza,Equipe 10,5,Resolvida,2025-09-01,Resíduos recolhidos e área limpa,2025-09-05,4,Problema solucionado após intervenção da equipe.
22,Buraco na rua,"Rua das Palmeiras, 683",Bairro Novo,-25.406762,-49.340329,2025-06-19,10:59,"Buraco identificado na via, oferecendo risco aos veículos.",/uploads/ocorrencia_22.jpg,Média,Secretaria de Obras,Equipe 07,5,Resolvida,2025-06-21,Buraco preenchido e via recapeada,2025-06-22,3,Ocorrência encaminhada para equipe responsável.
23,Alagamento,"Rua São José, 961",Vila Nova,-25.535348,-49.346711,2024-03-15,00:29,Ponto da via apresenta acúmulo de água após chuva.,/uploads/ocorrencia_23.jpg,Média,Secretaria de Obras,Equipe 05,7,Resolvida,2024-03-15,Drenagem desobstruída e reparada,2024-03-21,6,Ocorrência encaminhada para equipe responsável.
24,Placa danificada,"Rua Paraná, 388",Bairro Novo,-25.444212,-49.233034,2025-03-24,17:45,Placa de sinalização danificada ou ilegível.,/uploads/ocorrencia_24.jpg,Baixa,Secretaria de Trânsito,Equipe 09,7,Resolvida,2025-03-26,Placa substituída,2025-03-29,5,Serviço concluído e área liberada.
25,Iluminação pública,"Avenida Central, 128",Jardim América,-25.507874,-49.31428,2026-01-30,17:09,Poste com iluminação defeituosa ou apagada.,/uploads/ocorrencia_25.jpg,Alta,Secretaria de Serviços Públicos,Equipe 11,2,Resolvida,2026-02-01,Lâmpada e componentes elétricos substituídos,2026-02-01,2,Serviço concluído e área liberada.
26,Semáforo com defeito,"Avenida Central, 937",Vila Nova,-25.549291,-49.20722,2024-02-22,02:40,Semáforo apresenta falha no funcionamento.,/uploads/ocorrencia_26.jpg,Alta,Secretaria de Trânsito,Equipe 11,2,Resolvida,2024-02-22,Semáforo reparado,2024-02-24,2,Serviço concluído e área liberada.
27,Lixo acumulado,"Rua das Palmeiras, 584",Vila Nova,-25.383081,-49.254373,2024-03-18,22:57,Acúmulo de resíduos em área pública.,/uploads/ocorrencia_27.jpg,Baixa,Secretaria de Limpeza,Equipe 03,5,Resolvida,2024-03-18,Resíduos recolhidos e área limpa,2024-03-23,5,Necessária vistoria técnica antes do atendimento.
28,Lixo acumulado,"Avenida Central, 383",Centro,-25.500094,-49.374302,2026-03-26,01:57,Acúmulo de resíduos em área pública.,/uploads/ocorrencia_28.jpg,Alta,Secretaria de Limpeza,Equipe 13,2,Resolvida,2026-03-28,Resíduos recolhidos e área limpa,2026-03-27,1,Problema solucionado após intervenção da equipe.
29,Árvore caída,"Rua Paraná, 895",Jardim América,-25.402687,-49.316954,2026-03-30,05:56,Árvore caída ocupando parte da via ou calçada.,/uploads/ocorrencia_29.jpg,Baixa,Secretaria de Meio Ambiente,Equipe 15,7,Resolvida,2026-03-30,Árvore removida e área liberada,2026-03-31,1,Necessária vistoria técnica antes do atendimento.
30,Calçada quebrada,"Rua XV de Novembro, 816",Jardim das Flores,-25.386683,-49.284924,2025-01-26,01:54,"Trecho da calçada danificado, dificultando a passagem.",/uploads/ocorrencia_30.jpg,Média,Secretaria de Obras,Equipe 05,5,Resolvida,2025-01-26,Calçada reparada,2025-01-29,3,Ocorrência encaminhada para equipe responsável.
31,Calçada quebrada,"Rua Paraná, 418",Centro,-25.448119,-49.23012,2026-06-04,02:49,"Trecho da calçada danificado, dificultando a passagem.",/uploads/ocorrencia_31.jpg,Baixa,Secretaria de Obras,Equipe 14,7,Resolvida,2026-06-06,Calçada reparada,2026-06-07,3,Problema solucionado após intervenção da equipe.
32,Placa danificada,"Avenida Brasil, 908",Centro,-25.463087,-49.217864,2024-07-01,18:16,Placa de sinalização danificada ou ilegível.,/uploads/ocorrencia_32.jpg,Alta,Secretaria de Trânsito,Equipe 06,1,Resolvida,2024-07-03,Placa substituída,2024-07-02,1,Necessária vistoria técnica antes do atendimento.
33,Semáforo com defeito,"Rua das Palmeiras, 931",Bairro Novo,-25.364885,-49.265387,2024-09-17,01:45,Semáforo apresenta falha no funcionamento.,/uploads/ocorrencia_33.jpg,Média,Secretaria de Trânsito,Equipe 12,5,Resolvida,2024-09-19,Semáforo reparado,2024-09-19,2,Ocorrência encaminhada para equipe responsável.
34,Placa danificada,"Avenida Brasil, 981",São Lucas,-25.369991,-49.273219,2024-12-04,19:20,Placa de sinalização danificada ou ilegível.,/uploads/ocorrencia_34.jpg,Média,Secretaria de Trânsito,Equipe 11,7,Resolvida,2024-12-06,Placa substituída,2024-12-06,2,Necessária vistoria técnica antes do atendimento.
35,Placa danificada,"Avenida Central, 577",São Lucas,-25.436179,-49.298481,2025-03-06,21:24,Placa de sinalização danificada ou ilegível.,/uploads/ocorrencia_35.jpg,Baixa,Secretaria de Trânsito,Equipe 14,10,Resolvida,2025-03-08,Placa substituída,2025-03-09,3,Atendimento realizado dentro do prazo.
36,Alagamento,"Rua Paraná, 450",Jardim das Flores,-25.414875,-49.272207,2025-09-13,20:20,Ponto da via apresenta acúmulo de água após chuva.,/uploads/ocorrencia_36.jpg,Média,Secretaria de Obras,Equipe 13,5,Resolvida,2025-09-14,Drenagem desobstruída e reparada,2025-09-18,5,Ocorrência encaminhada para equipe responsável.
37,Iluminação pública,"Rua São José, 105",Jardim das Flores,-25.520529,-49.388447,2026-02-08,07:43,Poste com iluminação defeituosa ou apagada.,/uploads/ocorrencia_37.jpg,Alta,Secretaria de Serviços Públicos,Equipe 08,2,Resolvida,2026-02-08,Lâmpada e componentes elétricos substituídos,2026-02-09,1,Problema solucionado após intervenção da equipe.
38,Iluminação pública,"Rua das Palmeiras, 917",Vila Nova,-25.501203,-49.235985,2024-07-18,22:44,Poste com iluminação defeituosa ou apagada.,/uploads/ocorrencia_38.jpg,Média,Secretaria de Serviços Públicos,Equipe 01,5,Resolvida,2024-07-19,Lâmpada e componentes elétricos substituídos,2024-07-23,5,Atendimento realizado dentro do prazo.
39,Árvore caída,"Rua XV de Novembro, 833",Vila Esperança,-25.458708,-49.199646,2025-06-14,14:03,Árvore caída ocupando parte da via ou calçada.,/uploads/ocorrencia_39.jpg,Alta,Secretaria de Meio Ambiente,Equipe 11,3,Resolvida,2025-06-14,Árvore removida e área liberada,2025-06-15,1,Problema solucionado após intervenção da equipe.
40,Semáforo com defeito,"Avenida Curitiba, 637",Boa Vista,-25.401269,-49.281331,2025-05-31,13:53,Semáforo apresenta falha no funcionamento.,/uploads/ocorrencia_40.jpg,Alta,Secretaria de Trânsito,Equipe 05,3,Resolvida,2025-05-31,Semáforo reparado,2025-06-02,2,Ocorrência encaminhada para equipe responsável.
41,Alagamento,"Rua Paraná, 291",Vila Nova,-25.371395,-49.379856,2025-12-31,09:15,Ponto da via apresenta acúmulo de água após chuva.,/uploads/ocorrencia_41.jpg,Média,Secretaria de Obras,Equipe 03,5,Resolvida,2026-01-01,Drenagem desobstruída e reparada,2026-01-04,4,Ocorrência encaminhada para equipe responsável.
42,Árvore caída,"Rua Paraná, 75",Jardim América,-25.383422,-49.302631,2024-12-04,17:29,Árvore caída ocupando parte da via ou calçada.,/uploads/ocorrencia_42.jpg,Média,Secretaria de Meio Ambiente,Equipe 13,5,Resolvida,2024-12-04,Árvore removida e área liberada,2024-12-06,2,Problema solucionado após intervenção da equipe.
43,Buraco na rua,"Avenida Curitiba, 16",São Lucas,-25.506116,-49.291041,2024-11-01,12:54,"Buraco identificado na via, oferecendo risco aos veículos.",/uploads/ocorrencia_43.jpg,Alta,Secretaria de Obras,Equipe 01,2,Resolvida,2024-11-02,Buraco preenchido e via recapeada,2024-11-02,1,Necessária vistoria técnica antes do atendimento.
44,Placa danificada,"Rua XV de Novembro, 870",São Lucas,-25.437122,-49.393224,2024-05-10,19:34,Placa de sinalização danificada ou ilegível.,/uploads/ocorrencia_44.jpg,Média,Secretaria de Trânsito,Equipe 11,3,Resolvida,2024-05-12,Placa substituída,2024-05-13,3,Necessária vistoria técnica antes do atendimento.
45,Lixo acumulado,"Rua XV de Novembro, 61",Vila Nova,-25.494349,-49.162199,2024-12-01,06:29,Acúmulo de resíduos em área pública.,/uploads/ocorrencia_45.jpg,Baixa,Secretaria de Limpeza,Equipe 07,7,Resolvida,2024-12-02,Resíduos recolhidos e área limpa,2024-12-04,3,Serviço concluído e área liberada.
46,Iluminação pública,"Rua das Flores, 777",Vila Nova,-25.360078,-49.35016,2024-12-24,07:41,Poste com iluminação defeituosa ou apagada.,/uploads/ocorrencia_46.jpg,Média,Secretaria de Serviços Públicos,Equipe 01,3,Resolvida,2024-12-24,Lâmpada e componentes elétricos substituídos,2024-12-26,2,Problema solucionado após intervenção da equipe.
47,Lixo acumulado,"Rua XV de Novembro, 494",Vila Esperança,-25.516442,-49.248188,2025-07-31,06:29,Acúmulo de resíduos em área pública.,/uploads/ocorrencia_47.jpg,Média,Secretaria de Limpeza,Equipe 12,7,Resolvida,2025-08-01,Resíduos recolhidos e área limpa,2025-08-04,4,Atendimento realizado dentro do prazo.
48,Lixo acumulado,"Avenida Brasil, 602",Jardim das Flores,-25.510334,-49.251976,2024-11-15,18:43,Acúmulo de resíduos em área pública.,/uploads/ocorrencia_48.jpg,Baixa,Secretaria de Limpeza,Equipe 14,7,Resolvida,2024-11-17,Resíduos recolhidos e área limpa,2024-11-19,4,Ocorrência encaminhada para equipe responsável.
49,Iluminação pública,"Avenida Brasil, 825",Jardim das Flores,-25.475886,-49.27351,2026-03-12,01:22,Poste com iluminação defeituosa ou apagada.,/uploads/ocorrencia_49.jpg,Alta,Secretaria de Serviços Públicos,Equipe 06,3,Resolvida,2026-03-14,Lâmpada e componentes elétricos substituídos,2026-03-14,2,Atendimento realizado dentro do prazo.
50,Árvore caída,"Avenida Brasil, 453",Vila Nova,-25.403241,-49.158632,2025-10-12,14:45,Árvore caída ocupando parte da via ou calçada.,/uploads/ocorrencia_50.jpg,Alta,Secretaria de Meio Ambiente,Equipe 05,1,Resolvida,2025-10-12,Árvore removida e área liberada,2025-10-13,1,Problema solucionado após intervenção da equipe.
51,Semáforo com defeito,"Avenida Curitiba, 456",Vila Nova,-25.373674,-49.339034,2025-08-29,08:20,Semáforo apresenta falha no funcionamento.,/uploads/ocorrencia_51.jpg,Alta,Secretaria de Trânsito,Equipe 08,1,Resolvida,2025-08-30,Semáforo reparado,2025-08-30,1,Problema solucionado após intervenção da equipe.
52,Árvore caída,"Rua das Flores, 516",Boa Vista,-25.494068,-49.250961,2024-07-05,15:13,Árvore caída ocupando parte da via ou calçada.,/uploads/ocorrencia_52.jpg,Alta,Secretaria de Meio Ambiente,Equipe 15,2,Resolvida,2024-07-06,Árvore removida e área liberada,2024-07-07,2,Serviço concluído e área liberada.
53,Semáforo com defeito,"Rua Paraná, 97",Centro,-25.407632,-49.287956,2025-02-20,15:35,Semáforo apresenta falha no funcionamento.,/uploads/ocorrencia_53.jpg,Baixa,Secretaria de Trânsito,Equipe 01,5,Resolvida,2025-02-22,Semáforo reparado,2025-02-24,4,Atendimento realizado dentro do prazo.
54,Alagamento,"Rua das Palmeiras, 718",Vila Esperança,-25.481249,-49.150842,2025-11-10,18:23,Ponto da via apresenta acúmulo de água após chuva.,/uploads/ocorrencia_54.jpg,Baixa,Secretaria de Obras,Equipe 09,7,Resolvida,2025-11-12,Drenagem desobstruída e reparada,2025-11-15,5,Serviço concluído e área liberada.
55,Placa danificada,"Avenida Central, 323",Vila Nova,-25.442827,-49.209453,2024-05-03,23:12,Placa de sinalização danificada ou ilegível.,/uploads/ocorrencia_55.jpg,Baixa,Secretaria de Trânsito,Equipe 03,7,Resolvida,2024-05-05,Placa substituída,2024-05-04,1,Ocorrência encaminhada para equipe responsável.
56,Calçada quebrada,"Avenida Central, 751",Vila Nova,-25.490751,-49.30978,2026-02-17,16:38,"Trecho da calçada danificado, dificultando a passagem.",/uploads/ocorrencia_56.jpg,Média,Secretaria de Obras,Equipe 05,5,Resolvida,2026-02-17,Calçada reparada,2026-02-19,2,Atendimento realizado dentro do prazo.
57,Semáforo com defeito,"Avenida Central, 56",Jardim América,-25.375456,-49.256484,2025-07-20,09:44,Semáforo apresenta falha no funcionamento.,/uploads/ocorrencia_57.jpg,Alta,Secretaria de Trânsito,Equipe 08,1,Resolvida,2025-07-20,Semáforo reparado,2025-07-21,1,Necessária vistoria técnica antes do atendimento.
58,Vazamento de água,"Rua XV de Novembro, 998",Boa Vista,-25.535184,-49.242639,2026-06-01,15:07,Vazamento de água identificado na via pública.,/uploads/ocorrencia_58.jpg,Baixa,Serviço de Abastecimento de Água,Equipe 01,5,Resolvida,2026-06-02,Vazamento reparado,2026-06-05,4,Ocorrência encaminhada para equipe responsável.
59,Lixo acumulado,"Avenida Brasil, 264",Jardim das Flores,-25.394861,-49.304905,2026-02-21,13:38,Acúmulo de resíduos em área pública.,/uploads/ocorrencia_59.jpg,Baixa,Secretaria de Limpeza,Equipe 15,10,Resolvida,2026-02-21,Resíduos recolhidos e área limpa,2026-03-03,10,Necessária vistoria técnica antes do atendimento.
60,Alagamento,"Avenida Central, 592",São Lucas,-25.417914,-49.360736,2025-09-16,23:06,Ponto da via apresenta acúmulo de água após chuva.,/uploads/ocorrencia_60.jpg,Média,Secretaria de Obras,Equipe 03,3,Resolvida,2025-09-17,Drenagem desobstruída e reparada,2025-09-18,2,Problema solucionado após intervenção da equipe.
61,Iluminação pública,"Rua das Flores, 428",Jardim América,-25.408609,-49.224253,2025-08-31,15:18,Poste com iluminação defeituosa ou apagada.,/uploads/ocorrencia_61.jpg,Média,Secretaria de Serviços Públicos,Equipe 08,3,Resolvida,2025-09-01,Lâmpada e componentes elétricos substituídos,2025-09-02,2,Atendimento realizado dentro do prazo.
62,Calçada quebrada,"Rua Paraná, 445",Jardim das Flores,-25.535718,-49.358519,2024-08-18,20:09,"Trecho da calçada danificado, dificultando a passagem.",/uploads/ocorrencia_62.jpg,Baixa,Secretaria de Obras,Equipe 05,7,Resolvida,2024-08-18,Calçada reparada,2024-08-25,7,Problema solucionado após intervenção da equipe.
63,Alagamento,"Avenida Brasil, 489",Vila Nova,-25.462448,-49.250491,2025-12-17,12:17,Ponto da via apresenta acúmulo de água após chuva.,/uploads/ocorrencia_63.jpg,Média,Secretaria de Obras,Equipe 15,7,Resolvida,2025-12-18,Drenagem desobstruída e reparada,2025-12-23,6,Necessária vistoria técnica antes do atendimento.
64,Placa danificada,"Rua das Flores, 103",Jardim das Flores,-25.541954,-49.210933,2025-11-21,18:37,Placa de sinalização danificada ou ilegível.,/uploads/ocorrencia_64.jpg,Baixa,Secretaria de Trânsito,Equipe 08,5,Resolvida,2025-11-23,Placa substituída,2025-11-24,3,Problema solucionado após intervenção da equipe.
65,Vazamento de água,"Rua XV de Novembro, 609",Jardim das Flores,-25.483338,-49.232467,2026-04-13,15:05,Vazamento de água identificado na via pública.,/uploads/ocorrencia_65.jpg,Média,Serviço de Abastecimento de Água,Equipe 14,5,Resolvida,2026-04-14,Vazamento reparado,2026-04-17,4,Ocorrência encaminhada para equipe responsável.
66,Placa danificada,"Avenida Curitiba, 305",São Lucas,-25.49952,-49.37102,2025-02-14,17:02,Placa de sinalização danificada ou ilegível.,/uploads/ocorrencia_66.jpg,Média,Secretaria de Trânsito,Equipe 13,5,Resolvida,2025-02-15,Placa substituída,2025-02-16,2,Necessária vistoria técnica antes do atendimento.
67,Semáforo com defeito,"Avenida Curitiba, 433",Centro,-25.398002,-49.34911,2025-06-14,11:39,Semáforo apresenta falha no funcionamento.,/uploads/ocorrencia_67.jpg,Baixa,Secretaria de Trânsito,Equipe 09,7,Resolvida,2025-06-15,Semáforo reparado,2025-06-20,6,Ocorrência encaminhada para equipe responsável.
68,Alagamento,"Avenida Curitiba, 134",Vila Nova,-25.439832,-49.261937,2025-10-07,19:51,Ponto da via apresenta acúmulo de água após chuva.,/uploads/ocorrencia_68.jpg,Baixa,Secretaria de Obras,Equipe 02,5,Resolvida,2025-10-08,Drenagem desobstruída e reparada,2025-10-09,2,Ocorrência encaminhada para equipe responsável.
69,Iluminação pública,"Avenida Brasil, 673",Vila Nova,-25.466902,-49.279375,2025-05-25,22:18,Poste com iluminação defeituosa ou apagada.,/uploads/ocorrencia_69.jpg,Alta,Secretaria de Serviços Públicos,Equipe 08,3,Resolvida,2025-05-26,Lâmpada e componentes elétricos substituídos,2025-05-28,3,Ocorrência encaminhada para equipe responsável.
70,Vazamento de água,"Rua das Palmeiras, 205",Jardim América,-25.395465,-49.186397,2025-06-04,23:56,Vazamento de água identificado na via pública.,/uploads/ocorrencia_70.jpg,Alta,Serviço de Abastecimento de Água,Equipe 06,1,Resolvida,2025-06-05,Vazamento reparado,2025-06-05,1,Problema solucionado após intervenção da equipe.
71,Alagamento,"Avenida Central, 753",Centro,-25.460691,-49.278915,2025-08-24,18:42,Ponto da via apresenta acúmulo de água após chuva.,/uploads/ocorrencia_71.jpg,Baixa,Secretaria de Obras,Equipe 06,7,Resolvida,2025-08-24,Drenagem desobstruída e reparada,2025-08-31,7,Problema solucionado após intervenção da equipe.
72,Semáforo com defeito,"Avenida Curitiba, 965",São Lucas,-25.378797,-49.297306,2024-07-12,22:15,Semáforo apresenta falha no funcionamento.,/uploads/ocorrencia_72.jpg,Baixa,Secretaria de Trânsito,Equipe 06,10,Resolvida,2024-07-12,Semáforo reparado,2024-07-19,7,Necessária vistoria técnica antes do atendimento.
73,Árvore caída,"Rua XV de Novembro, 517",São Lucas,-25.530058,-49.17239,2024-05-09,16:37,Árvore caída ocupando parte da via ou calçada.,/uploads/ocorrencia_73.jpg,Alta,Secretaria de Meio Ambiente,Equipe 01,2,Resolvida,2024-05-10,Árvore removida e área liberada,2024-05-10,1,Ocorrência encaminhada para equipe responsável.
74,Árvore caída,"Avenida Brasil, 490",Jardim América,-25.533937,-49.317859,2024-09-28,10:39,Árvore caída ocupando parte da via ou calçada.,/uploads/ocorrencia_74.jpg,Média,Secretaria de Meio Ambiente,Equipe 11,7,Resolvida,2024-09-30,Árvore removida e área liberada,2024-10-03,5,Problema solucionado após intervenção da equipe.
75,Árvore caída,"Avenida Curitiba, 903",Boa Vista,-25.350515,-49.213308,2025-09-24,02:15,Árvore caída ocupando parte da via ou calçada.,/uploads/ocorrencia_75.jpg,Média,Secretaria de Meio Ambiente,Equipe 07,7,Resolvida,2025-09-25,Árvore removida e área liberada,2025-10-01,7,Atendimento realizado dentro do prazo.
76,Iluminação pública,"Rua XV de Novembro, 720",Vila Nova,-25.475032,-49.363608,2024-01-30,01:20,Poste com iluminação defeituosa ou apagada.,/uploads/ocorrencia_76.jpg,Baixa,Secretaria de Serviços Públicos,Equipe 09,5,Resolvida,2024-01-31,Lâmpada e componentes elétricos substituídos,2024-02-02,3,Necessária vistoria técnica antes do atendimento.
77,Lixo acumulado,"Rua XV de Novembro, 90",Jardim América,-25.521376,-49.284713,2025-01-26,19:43,Acúmulo de resíduos em área pública.,/uploads/ocorrencia_77.jpg,Média,Secretaria de Limpeza,Equipe 05,3,Resolvida,2025-01-28,Resíduos recolhidos e área limpa,2025-01-29,3,Necessária vistoria técnica antes do atendimento.
78,Alagamento,"Avenida Curitiba, 932",Centro,-25.490169,-49.159493,2025-07-13,05:04,Ponto da via apresenta acúmulo de água após chuva.,/uploads/ocorrencia_78.jpg,Baixa,Secretaria de Obras,Equipe 12,7,Resolvida,2025-07-15,Drenagem desobstruída e reparada,2025-07-16,3,Serviço concluído e área liberada.
79,Vazamento de água,"Rua Paraná, 403",Jardim das Flores,-25.490826,-49.22518,2024-04-19,07:24,Vazamento de água identificado na via pública.,/uploads/ocorrencia_79.jpg,Alta,Serviço de Abastecimento de Água,Equipe 01,3,Resolvida,2024-04-21,Vazamento reparado,2024-04-21,2,Necessária vistoria técnica antes do atendimento.
80,Alagamento,"Rua das Flores, 942",Centro,-25.422676,-49.244777,2025-05-23,09:49,Ponto da via apresenta acúmulo de água após chuva.,/uploads/ocorrencia_80.jpg,Média,Secretaria de Obras,Equipe 11,3,Resolvida,2025-05-23,Drenagem desobstruída e reparada,2025-05-26,3,Ocorrência encaminhada para equipe responsável.
81,Iluminação pública,"Avenida Central, 817",Centro,-25.484656,-49.296124,2025-08-16,11:46,Poste com iluminação defeituosa ou apagada.,/uploads/ocorrencia_81.jpg,Média,Secretaria de Serviços Públicos,Equipe 04,3,Resolvida,2025-08-17,Lâmpada e componentes elétricos substituídos,2025-08-18,2,Ocorrência encaminhada para equipe responsável.
82,Semáforo com defeito,"Avenida Central, 860",Boa Vista,-25.389153,-49.282917,2026-04-24,15:51,Semáforo apresenta falha no funcionamento.,/uploads/ocorrencia_82.jpg,Baixa,Secretaria de Trânsito,Equipe 02,7,Resolvida,2026-04-25,Semáforo reparado,2026-04-30,6,Ocorrência encaminhada para equipe responsável.
83,Calçada quebrada,"Rua São José, 102",São Lucas,-25.415434,-49.231915,2024-01-15,08:34,"Trecho da calçada danificado, dificultando a passagem.",/uploads/ocorrencia_83.jpg,Média,Secretaria de Obras,Equipe 10,3,Resolvida,2024-01-16,Calçada reparada,2024-01-18,3,Necessária vistoria técnica antes do atendimento.
84,Placa danificada,"Rua Paraná, 492",Bairro Novo,-25.537357,-49.194036,2025-07-28,10:58,Placa de sinalização danificada ou ilegível.,/uploads/ocorrencia_84.jpg,Baixa,Secretaria de Trânsito,Equipe 15,10,Resolvida,2025-07-30,Placa substituída,2025-08-01,4,Serviço concluído e área liberada.
85,Árvore caída,"Rua XV de Novembro, 56",Bairro Novo,-25.522867,-49.286589,2024-11-07,15:07,Árvore caída ocupando parte da via ou calçada.,/uploads/ocorrencia_85.jpg,Alta,Secretaria de Meio Ambiente,Equipe 11,1,Resolvida,2024-11-09,Árvore removida e área liberada,2024-11-08,1,Problema solucionado após intervenção da equipe.
86,Árvore caída,"Rua das Palmeiras, 680",Jardim América,-25.475894,-49.289154,2025-05-16,19:26,Árvore caída ocupando parte da via ou calçada.,/uploads/ocorrencia_86.jpg,Baixa,Secretaria de Meio Ambiente,Equipe 04,7,Resolvida,2025-05-18,Árvore removida e área liberada,2025-05-17,1,Serviço concluído e área liberada.
87,Iluminação pública,"Rua São José, 72",Boa Vista,-25.507579,-49.240127,2024-07-13,03:54,Poste com iluminação defeituosa ou apagada.,/uploads/ocorrencia_87.jpg,Média,Secretaria de Serviços Públicos,Equipe 01,5,Resolvida,2024-07-15,Lâmpada e componentes elétricos substituídos,2024-07-15,2,Atendimento realizado dentro do prazo.
88,Placa danificada,"Rua XV de Novembro, 815",Vila Esperança,-25.484288,-49.363111,2024-03-11,17:13,Placa de sinalização danificada ou ilegível.,/uploads/ocorrencia_88.jpg,Média,Secretaria de Trânsito,Equipe 15,7,Resolvida,2024-03-11,Placa substituída,2024-03-14,3,Problema solucionado após intervenção da equipe.
89,Buraco na rua,"Rua XV de Novembro, 143",Jardim das Flores,-25.547028,-49.202504,2026-03-28,05:07,"Buraco identificado na via, oferecendo risco aos veículos.",/uploads/ocorrencia_89.jpg,Média,Secretaria de Obras,Equipe 04,7,Resolvida,2026-03-28,Buraco preenchido e via recapeada,2026-03-30,2,Problema solucionado após intervenção da equipe.
90,Placa danificada,"Rua XV de Novembro, 281",Centro,-25.460345,-49.30949,2026-01-29,13:33,Placa de sinalização danificada ou ilegível.,/uploads/ocorrencia_90.jpg,Baixa,Secretaria de Trânsito,Equipe 10,5,Resolvida,2026-01-30,Placa substituída,2026-01-30,1,Atendimento realizado dentro do prazo.
91,Vazamento de água,"Rua das Flores, 754",Vila Esperança,-25.357195,-49.384794,2026-06-06,21:33,Vazamento de água identificado na via pública.,/uploads/ocorrencia_91.jpg,Média,Serviço de Abastecimento de Água,Equipe 08,5,Resolvida,2026-06-08,Vazamento reparado,2026-06-11,5,Necessária vistoria técnica antes do atendimento.
92,Árvore caída,"Avenida Curitiba, 739",Bairro Novo,-25.524762,-49.243921,2024-03-16,02:20,Árvore caída ocupando parte da via ou calçada.,/uploads/ocorrencia_92.jpg,Alta,Secretaria de Meio Ambiente,Equipe 10,3,Resolvida,2024-03-16,Árvore removida e área liberada,2024-03-17,1,Problema solucionado após intervenção da equipe.
93,Placa danificada,"Avenida Central, 474",São Lucas,-25.419817,-49.207759,2025-03-16,03:50,Placa de sinalização danificada ou ilegível.,/uploads/ocorrencia_93.jpg,Média,Secretaria de Trânsito,Equipe 12,7,Resolvida,2025-03-18,Placa substituída,2025-03-18,2,Ocorrência encaminhada para equipe responsável.
94,Árvore caída,"Rua Paraná, 433",Vila Nova,-25.464647,-49.233723,2025-04-09,12:26,Árvore caída ocupando parte da via ou calçada.,/uploads/ocorrencia_94.jpg,Baixa,Secretaria de Meio Ambiente,Equipe 06,10,Resolvida,2025-04-10,Árvore removida e área liberada,2025-04-11,2,Ocorrência encaminhada para equipe responsável.
95,Vazamento de água,"Avenida Brasil, 861",Bairro Novo,-25.438726,-49.253384,2025-03-18,03:47,Vazamento de água identificado na via pública.,/uploads/ocorrencia_95.jpg,Baixa,Serviço de Abastecimento de Água,Equipe 09,10,Resolvida,2025-03-18,Vazamento reparado,2025-03-24,6,Problema solucionado após intervenção da equipe.
96,Placa danificada,"Rua das Palmeiras, 372",Bairro Novo,-25.429918,-49.312088,2026-02-07,13:55,Placa de sinalização danificada ou ilegível.,/uploads/ocorrencia_96.jpg,Alta,Secretaria de Trânsito,Equipe 10,3,Resolvida,2026-02-08,Placa substituída,2026-02-08,1,Problema solucionado após intervenção da equipe.
97,Calçada quebrada,"Avenida Curitiba, 239",Jardim América,-25.504768,-49.292722,2024-12-24,17:23,"Trecho da calçada danificado, dificultando a passagem.",/uploads/ocorrencia_97.jpg,Alta,Secretaria de Obras,Equipe 09,1,Resolvida,2024-12-26,Calçada reparada,2024-12-25,1,Problema solucionado após intervenção da equipe.
98,Semáforo com defeito,"Avenida Central, 39",Centro,-25.513719,-49.364187,2025-12-20,09:58,Semáforo apresenta falha no funcionamento.,/uploads/ocorrencia_98.jpg,Baixa,Secretaria de Trânsito,Equipe 11,7,Resolvida,2025-12-20,Semáforo reparado,2025-12-23,3,Necessária vistoria técnica antes do atendimento.
99,Iluminação pública,"Rua das Flores, 103",Jardim América,-25.475989,-49.219601,2024-08-08,12:26,Poste com iluminação defeituosa ou apagada.,/uploads/ocorrencia_99.jpg,Média,Secretaria de Serviços Públicos,Equipe 13,5,Resolvida,2024-08-08,Lâmpada e componentes elétricos substituídos,2024-08-12,4,Problema solucionado após intervenção da equipe.
100,Iluminação pública,"Rua XV de Novembro, 171",Centro,-25.465197,-49.248231,2024-02-20,21:05,Poste com iluminação defeituosa ou apagada.,/uploads/ocorrencia_100.jpg,Média,Secretaria de Serviços Públicos,Equipe 07,5,Resolvida,2024-02-22,Lâmpada e componentes elétricos substituídos,2024-02-25,5,Serviço concluído e área liberada.
101,Calçada quebrada,"Rua São José, 450",Bairro Novo,-25.488316,-49.34487,2025-11-25,21:37,"Trecho da calçada danificado, dificultando a passagem.",/uploads/ocorrencia_101.jpg,Baixa,Secretaria de Obras,Equipe 10,7,Resolvida,2025-11-27,Calçada reparada,2025-11-30,5,Atendimento realizado dentro do prazo.
102,Buraco na rua,"Avenida Central, 978",Vila Esperança,-25.450523,-49.292336,2024-05-20,08:18,"Buraco identificado na via, oferecendo risco aos veículos.",/uploads/ocorrencia_102.jpg,Baixa,Secretaria de Obras,Equipe 03,7,Resolvida,2024-05-20,Buraco preenchido e via recapeada,2024-05-21,1,Necessária vistoria técnica antes do atendimento.
103,Semáforo com defeito,"Rua São José, 83",Vila Esperança,-25.377578,-49.25606,2026-01-29,01:27,Semáforo apresenta falha no funcionamento.,/uploads/ocorrencia_103.jpg,Média,Secretaria de Trânsito,Equipe 10,3,Resolvida,2026-01-29,Semáforo reparado,2026-02-01,3,Necessária vistoria técnica antes do atendimento.
104,Árvore caída,"Avenida Brasil, 424",Jardim das Flores,-25.366046,-49.377968,2024-11-28,05:51,Árvore caída ocupando parte da via ou calçada.,/uploads/ocorrencia_104.jpg,Baixa,Secretaria de Meio Ambiente,Equipe 14,10,Resolvida,2024-11-30,Árvore removida e área liberada,2024-12-06,8,Atendimento realizado dentro do prazo.
105,Calçada quebrada,"Rua das Palmeiras, 546",São Lucas,-25.394176,-49.380905,2026-06-10,09:47,"Trecho da calçada danificado, dificultando a passagem.",/uploads/ocorrencia_105.jpg,Baixa,Secretaria de Obras,Equipe 11,7,Resolvida,2026-06-11,Calçada reparada,2026-06-12,2,Atendimento realizado dentro do prazo.
106,Semáforo com defeito,"Rua São José, 369",Vila Esperança,-25.520711,-49.350682,2026-04-18,20:52,Semáforo apresenta falha no funcionamento.,/uploads/ocorrencia_106.jpg,Média,Secretaria de Trânsito,Equipe 10,3,Resolvida,2026-04-18,Semáforo reparado,2026-04-20,2,Ocorrência encaminhada para equipe responsável.
107,Iluminação pública,"Avenida Curitiba, 485",Jardim América,-25.42294,-49.24387,2026-02-17,18:28,Poste com iluminação defeituosa ou apagada.,/uploads/ocorrencia_107.jpg,Média,Secretaria de Serviços Públicos,Equipe 14,7,Resolvida,2026-02-19,Lâmpada e componentes elétricos substituídos,2026-02-23,6,Serviço concluído e área liberada.
108,Lixo acumulado,"Avenida Brasil, 490",Vila Nova,-25.535162,-49.284564,2024-11-06,08:37,Acúmulo de resíduos em área pública.,/uploads/ocorrencia_108.jpg,Média,Secretaria de Limpeza,Equipe 01,3,Resolvida,2024-11-08,Resíduos recolhidos e área limpa,2024-11-09,3,Atendimento realizado dentro do prazo.
109,Placa danificada,"Avenida Brasil, 670",Jardim das Flores,-25.457458,-49.261421,2026-05-25,02:39,Placa de sinalização danificada ou ilegível.,/uploads/ocorrencia_109.jpg,Alta,Secretaria de Trânsito,Equipe 13,3,Resolvida,2026-05-26,Placa substituída,2026-05-28,3,Atendimento realizado dentro do prazo.
110,Vazamento de água,"Rua São José, 629",Vila Esperança,-25.533134,-49.238468,2024-06-03,01:28,Vazamento de água identificado na via pública.,/uploads/ocorrencia_110.jpg,Média,Serviço de Abastecimento de Água,Equipe 01,3,Resolvida,2024-06-05,Vazamento reparado,2024-06-06,3,Ocorrência encaminhada para equipe responsável.
111,Vazamento de água,"Rua XV de Novembro, 382",Vila Nova,-25.420539,-49.383522,2024-10-16,12:26,Vazamento de água identificado na via pública.,/uploads/ocorrencia_111.jpg,Média,Serviço de Abastecimento de Água,Equipe 02,5,Resolvida,2024-10-18,Vazamento reparado,2024-10-18,2,Problema solucionado após intervenção da equipe.
112,Árvore caída,"Avenida Central, 751",Jardim das Flores,-25.487954,-49.235986,2025-09-09,04:21,Árvore caída ocupando parte da via ou calçada.,/uploads/ocorrencia_112.jpg,Alta,Secretaria de Meio Ambiente,Equipe 11,1,Resolvida,2025-09-10,Árvore removida e área liberada,2025-09-10,1,Necessária vistoria técnica antes do atendimento.
113,Lixo acumulado,"Avenida Central, 582",Bairro Novo,-25.415909,-49.272878,2026-03-21,10:52,Acúmulo de resíduos em área pública.,/uploads/ocorrencia_113.jpg,Média,Secretaria de Limpeza,Equipe 01,3,Resolvida,2026-03-23,Resíduos recolhidos e área limpa,2026-03-23,2,Serviço concluído e área liberada.
114,Alagamento,"Rua Paraná, 359",Jardim América,-25.490842,-49.20297,2025-05-12,06:14,Ponto da via apresenta acúmulo de água após chuva.,/uploads/ocorrencia_114.jpg,Alta,Secretaria de Obras,Equipe 09,1,Resolvida,2025-05-12,Drenagem desobstruída e reparada,2025-05-13,1,Problema solucionado após intervenção da equipe.
115,Semáforo com defeito,"Rua São José, 907",Centro,-25.383731,-49.207226,2024-05-14,19:24,Semáforo apresenta falha no funcionamento.,/uploads/ocorrencia_115.jpg,Média,Secretaria de Trânsito,Equipe 13,3,Resolvida,2024-05-14,Semáforo reparado,2024-05-16,2,Ocorrência encaminhada para equipe responsável.
116,Vazamento de água,"Rua das Palmeiras, 383",Centro,-25.443198,-49.322633,2024-08-31,14:39,Vazamento de água identificado na via pública.,/uploads/ocorrencia_116.jpg,Média,Serviço de Abastecimento de Água,Equipe 13,5,Resolvida,2024-08-31,Vazamento reparado,2024-09-05,5,Necessária vistoria técnica antes do atendimento.
117,Calçada quebrada,"Avenida Curitiba, 482",Boa Vista,-25.386622,-49.199685,2026-03-07,12:32,"Trecho da calçada danificado, dificultando a passagem.",/uploads/ocorrencia_117.jpg,Média,Secretaria de Obras,Equipe 03,7,Resolvida,2026-03-07,Calçada reparada,2026-03-12,5,Serviço concluído e área liberada.
118,Buraco na rua,"Rua São José, 577",Vila Nova,-25.397377,-49.331802,2025-12-29,16:54,"Buraco identificado na via, oferecendo risco aos veículos.",/uploads/ocorrencia_118.jpg,Alta,Secretaria de Obras,Equipe 15,1,Resolvida,2025-12-29,Buraco preenchido e via recapeada,2025-12-30,1,Problema solucionado após intervenção da equipe.
119,Lixo acumulado,"Avenida Brasil, 979",São Lucas,-25.539349,-49.274498,2026-04-16,14:56,Acúmulo de resíduos em área pública.,/uploads/ocorrencia_119.jpg,Alta,Secretaria de Limpeza,Equipe 04,2,Resolvida,2026-04-17,Resíduos recolhidos e área limpa,2026-04-17,1,Necessária vistoria técnica antes do atendimento.
120,Iluminação pública,"Rua Paraná, 38",Boa Vista,-25.52248,-49.32828,2024-04-11,22:41,Poste com iluminação defeituosa ou apagada.,/uploads/ocorrencia_120.jpg,Baixa,Secretaria de Serviços Públicos,Equipe 14,7,Resolvida,2024-04-11,Lâmpada e componentes elétricos substituídos,2024-04-18,7,Necessária vistoria técnica antes do atendimento.
121,Lixo acumulado,"Avenida Curitiba, 640",Vila Nova,-25.361955,-49.24778,2024-03-22,00:16,Acúmulo de resíduos em área pública.,/uploads/ocorrencia_121.jpg,Baixa,Secretaria de Limpeza,Equipe 07,5,Resolvida,2024-03-24,Resíduos recolhidos e área limpa,2024-03-24,2,Atendimento realizado dentro do prazo.
122,Alagamento,"Avenida Central, 134",Vila Esperança,-25.527828,-49.173713,2025-03-05,20:50,Ponto da via apresenta acúmulo de água após chuva.,/uploads/ocorrencia_122.jpg,Baixa,Secretaria de Obras,Equipe 10,10,Resolvida,2025-03-05,Drenagem desobstruída e reparada,2025-03-13,8,Problema solucionado após intervenção da equipe.
123,Buraco na rua,"Rua XV de Novembro, 308",Vila Esperança,-25.417126,-49.378597,2025-09-21,11:15,"Buraco identificado na via, oferecendo risco aos veículos.",/uploads/ocorrencia_123.jpg,Média,Secretaria de Obras,Equipe 06,7,Resolvida,2025-09-21,Buraco preenchido e via recapeada,2025-09-26,5,Atendimento realizado dentro do prazo.
124,Semáforo com defeito,"Rua das Palmeiras, 904",Centro,-25.392296,-49.313799,2025-10-12,12:23,Semáforo apresenta falha no funcionamento.,/uploads/ocorrencia_124.jpg,Média,Secretaria de Trânsito,Equipe 12,5,Resolvida,2025-10-13,Semáforo reparado,2025-10-14,2,Atendimento realizado dentro do prazo.
125,Placa danificada,"Rua das Flores, 370",Jardim América,-25.454294,-49.354431,2026-04-13,20:11,Placa de sinalização danificada ou ilegível.,/uploads/ocorrencia_125.jpg,Média,Secretaria de Trânsito,Equipe 03,7,Resolvida,2026-04-15,Placa substituída,2026-04-18,5,Atendimento realizado dentro do prazo.
126,Vazamento de água,"Avenida Central, 216",Centro,-25.352175,-49.264242,2024-07-23,01:20,Vazamento de água identificado na via pública.,/uploads/ocorrencia_126.jpg,Baixa,Serviço de Abastecimento de Água,Equipe 05,7,Resolvida,2024-07-24,Vazamento reparado,2024-07-28,5,Atendimento realizado dentro do prazo.
127,Calçada quebrada,"Rua São José, 892",Jardim das Flores,-25.46261,-49.299995,2026-06-05,20:21,"Trecho da calçada danificado, dificultando a passagem.",/uploads/ocorrencia_127.jpg,Média,Secretaria de Obras,Equipe 08,5,Resolvida,2026-06-06,Calçada reparada,2026-06-07,2,Necessária vistoria técnica antes do atendimento.
128,Placa danificada,"Avenida Curitiba, 718",Jardim América,-25.463879,-49.151225,2026-03-27,16:17,Placa de sinalização danificada ou ilegível.,/uploads/ocorrencia_128.jpg,Média,Secretaria de Trânsito,Equipe 03,3,Resolvida,2026-03-27,Placa substituída,2026-03-30,3,Problema solucionado após intervenção da equipe.
129,Alagamento,"Avenida Brasil, 91",Boa Vista,-25.412047,-49.312113,2024-10-29,09:28,Ponto da via apresenta acúmulo de água após chuva.,/uploads/ocorrencia_129.jpg,Baixa,Secretaria de Obras,Equipe 01,10,Resolvida,2024-10-29,Drenagem desobstruída e reparada,2024-11-05,7,Serviço concluído e área liberada.
130,Árvore caída,"Rua das Flores, 86",Jardim das Flores,-25.359442,-49.364305,2025-02-19,11:32,Árvore caída ocupando parte da via ou calçada.,/uploads/ocorrencia_130.jpg,Média,Secretaria de Meio Ambiente,Equipe 10,7,Resolvida,2025-02-19,Árvore removida e área liberada,2025-02-26,7,Necessária vistoria técnica antes do atendimento.
131,Buraco na rua,"Avenida Brasil, 251",Jardim América,-25.519312,-49.287519,2025-01-10,11:24,"Buraco identificado na via, oferecendo risco aos veículos.",/uploads/ocorrencia_131.jpg,Média,Secretaria de Obras,Equipe 06,7,Resolvida,2025-01-12,Buraco preenchido e via recapeada,2025-01-12,2,Serviço concluído e área liberada.
132,Vazamento de água,"Rua XV de Novembro, 552",Bairro Novo,-25.402865,-49.275239,2024-11-17,20:17,Vazamento de água identificado na via pública.,/uploads/ocorrencia_132.jpg,Média,Serviço de Abastecimento de Água,Equipe 07,3,Resolvida,2024-11-17,Vazamento reparado,2024-11-19,2,Problema solucionado após intervenção da equipe.
133,Iluminação pública,"Avenida Central, 730",Jardim das Flores,-25.522854,-49.381487,2025-09-18,09:44,Poste com iluminação defeituosa ou apagada.,/uploads/ocorrencia_133.jpg,Média,Secretaria de Serviços Públicos,Equipe 03,5,Resolvida,2025-09-18,Lâmpada e componentes elétricos substituídos,2025-09-21,3,Necessária vistoria técnica antes do atendimento.
134,Iluminação pública,"Rua São José, 736",Boa Vista,-25.407638,-49.168169,2025-07-09,09:57,Poste com iluminação defeituosa ou apagada.,/uploads/ocorrencia_134.jpg,Baixa,Secretaria de Serviços Públicos,Equipe 11,7,Resolvida,2025-07-09,Lâmpada e componentes elétricos substituídos,2025-07-16,7,Ocorrência encaminhada para equipe responsável.
135,Placa danificada,"Avenida Brasil, 215",Vila Esperança,-25.389268,-49.262088,2024-08-30,15:01,Placa de sinalização danificada ou ilegível.,/uploads/ocorrencia_135.jpg,Média,Secretaria de Trânsito,Equipe 10,5,Resolvida,2024-08-31,Placa substituída,2024-09-03,4,Atendimento realizado dentro do prazo.
136,Iluminação pública,"Rua das Palmeiras, 744",Jardim das Flores,-25.355524,-49.239415,2025-06-22,13:49,Poste com iluminação defeituosa ou apagada.,/uploads/ocorrencia_136.jpg,Média,Secretaria de Serviços Públicos,Equipe 08,5,Resolvida,2025-06-22,Lâmpada e componentes elétricos substituídos,2025-06-24,2,Necessária vistoria técnica antes do atendimento.
137,Semáforo com defeito,"Rua XV de Novembro, 909",Boa Vista,-25.449427,-49.182947,2025-07-18,20:37,Semáforo apresenta falha no funcionamento.,/uploads/ocorrencia_137.jpg,Alta,Secretaria de Trânsito,Equipe 14,1,Resolvida,2025-07-19,Semáforo reparado,2025-07-19,1,Atendimento realizado dentro do prazo.
138,Semáforo com defeito,"Avenida Central, 178",Jardim América,-25.499879,-49.241236,2025-12-27,07:22,Semáforo apresenta falha no funcionamento.,/uploads/ocorrencia_138.jpg,Baixa,Secretaria de Trânsito,Equipe 09,10,Resolvida,2025-12-27,Semáforo reparado,2026-01-01,5,Serviço concluído e área liberada.
139,Lixo acumulado,"Avenida Brasil, 524",Jardim das Flores,-25.541761,-49.184055,2025-08-29,18:09,Acúmulo de resíduos em área pública.,/uploads/ocorrencia_139.jpg,Média,Secretaria de Limpeza,Equipe 02,3,Resolvida,2025-08-31,Resíduos recolhidos e área limpa,2025-09-01,3,Atendimento realizado dentro do prazo.
140,Alagamento,"Rua das Palmeiras, 642",Vila Esperança,-25.501024,-49.198163,2025-05-24,20:34,Ponto da via apresenta acúmulo de água após chuva.,/uploads/ocorrencia_140.jpg,Média,Secretaria de Obras,Equipe 07,5,Resolvida,2025-05-25,Drenagem desobstruída e reparada,2025-05-28,4,Serviço concluído e área liberada.
141,Vazamento de água,"Rua das Flores, 171",Bairro Novo,-25.377703,-49.320171,2025-05-10,14:13,Vazamento de água identificado na via pública.,/uploads/ocorrencia_141.jpg,Média,Serviço de Abastecimento de Água,Equipe 14,5,Resolvida,2025-05-11,Vazamento reparado,2025-05-13,3,Serviço concluído e área liberada.
142,Árvore caída,"Rua São José, 537",Jardim América,-25.500416,-49.375797,2024-11-22,07:29,Árvore caída ocupando parte da via ou calçada.,/uploads/ocorrencia_142.jpg,Média,Secretaria de Meio Ambiente,Equipe 05,3,Resolvida,2024-11-23,Árvore removida e área liberada,2024-11-25,3,Necessária vistoria técnica antes do atendimento.
143,Árvore caída,"Rua XV de Novembro, 843",Vila Esperança,-25.350806,-49.283296,2025-08-14,23:20,Árvore caída ocupando parte da via ou calçada.,/uploads/ocorrencia_143.jpg,Baixa,Secretaria de Meio Ambiente,Equipe 15,5,Resolvida,2025-08-15,Árvore removida e área liberada,2025-08-16,2,Serviço concluído e área liberada.
144,Vazamento de água,"Avenida Brasil, 977",Centro,-25.539892,-49.276276,2025-04-13,07:13,Vazamento de água identificado na via pública.,/uploads/ocorrencia_144.jpg,Média,Serviço de Abastecimento de Água,Equipe 15,7,Resolvida,2025-04-13,Vazamento reparado,2025-04-17,4,Necessária vistoria técnica antes do atendimento.
145,Alagamento,"Avenida Brasil, 451",Centro,-25.469884,-49.25743,2024-09-27,23:23,Ponto da via apresenta acúmulo de água após chuva.,/uploads/ocorrencia_145.jpg,Baixa,Secretaria de Obras,Equipe 04,7,Resolvida,2024-09-27,Drenagem desobstruída e reparada,2024-09-30,3,Serviço concluído e área liberada.
146,Semáforo com defeito,"Avenida Brasil, 405",Jardim das Flores,-25.526238,-49.156229,2026-02-21,17:17,Semáforo apresenta falha no funcionamento.,/uploads/ocorrencia_146.jpg,Média,Secretaria de Trânsito,Equipe 07,7,Resolvida,2026-02-23,Semáforo reparado,2026-02-28,7,Serviço concluído e área liberada.
147,Placa danificada,"Rua XV de Novembro, 213",Boa Vista,-25.407282,-49.199009,2025-02-15,16:02,Placa de sinalização danificada ou ilegível.,/uploads/ocorrencia_147.jpg,Média,Secretaria de Trânsito,Equipe 09,3,Resolvida,2025-02-15,Placa substituída,2025-02-17,2,Necessária vistoria técnica antes do atendimento.
148,Lixo acumulado,"Rua São José, 963",Jardim América,-25.482725,-49.192928,2024-06-15,12:39,Acúmulo de resíduos em área pública.,/uploads/ocorrencia_148.jpg,Média,Secretaria de Limpeza,Equipe 09,7,Resolvida,2024-06-17,Resíduos recolhidos e área limpa,2024-06-19,4,Necessária vistoria técnica antes do atendimento.
149,Alagamento,"Rua das Flores, 387",Vila Nova,-25.37558,-49.242685,2024-04-22,13:37,Ponto da via apresenta acúmulo de água após chuva.,/uploads/ocorrencia_149.jpg,Baixa,Secretaria de Obras,Equipe 10,7,Resolvida,2024-04-24,Drenagem desobstruída e reparada,2024-04-29,7,Necessária vistoria técnica antes do atendimento.
150,Alagamento,"Rua das Flores, 607",Vila Esperança,-25.385668,-49.339451,2025-06-20,20:46,Ponto da via apresenta acúmulo de água após chuva.,/uploads/ocorrencia_150.jpg,Média,Secretaria de Obras,Equipe 10,7,Resolvida,2025-06-20,Drenagem desobstruída e reparada,2025-06-25,5,Atendimento realizado dentro do prazo.
151,Calçada quebrada,"Avenida Curitiba, 331",Centro,-25.40452,-49.223556,2025-02-26,22:13,"Trecho da calçada danificado, dificultando a passagem.",/uploads/ocorrencia_151.jpg,Média,Secretaria de Obras,Equipe 09,5,Resolvida,2025-02-28,Calçada reparada,2025-03-03,5,Ocorrência encaminhada para equipe responsável.
152,Semáforo com defeito,"Avenida Curitiba, 548",Boa Vista,-25.479143,-49.207003,2024-06-26,14:58,Semáforo apresenta falha no funcionamento.,/uploads/ocorrencia_152.jpg,Média,Secretaria de Trânsito,Equipe 12,7,Resolvida,2024-06-28,Semáforo reparado,2024-06-30,4,Serviço concluído e área liberada.
153,Vazamento de água,"Rua Paraná, 295",Vila Esperança,-25.409002,-49.32074,2024-08-18,09:49,Vazamento de água identificado na via pública.,/uploads/ocorrencia_153.jpg,Média,Serviço de Abastecimento de Água,Equipe 06,5,Resolvida,2024-08-20,Vazamento reparado,2024-08-21,3,Problema solucionado após intervenção da equipe.
154,Alagamento,"Avenida Brasil, 597",Jardim das Flores,-25.541587,-49.161172,2025-01-23,12:52,Ponto da via apresenta acúmulo de água após chuva.,/uploads/ocorrencia_154.jpg,Média,Secretaria de Obras,Equipe 02,5,Resolvida,2025-01-24,Drenagem desobstruída e reparada,2025-01-26,3,Serviço concluído e área liberada.
155,Vazamento de água,"Avenida Curitiba, 229",Jardim das Flores,-25.528155,-49.214777,2025-07-05,08:59,Vazamento de água identificado na via pública.,/uploads/ocorrencia_155.jpg,Baixa,Serviço de Abastecimento de Água,Equipe 04,10,Resolvida,2025-07-05,Vazamento reparado,2025-07-10,5,Ocorrência encaminhada para equipe responsável.
156,Buraco na rua,"Rua Paraná, 63",Vila Esperança,-25.357096,-49.155522,2024-12-04,22:30,"Buraco identificado na via, oferecendo risco aos veículos.",/uploads/ocorrencia_156.jpg,Baixa,Secretaria de Obras,Equipe 03,5,Resolvida,2024-12-04,Buraco preenchido e via recapeada,2024-12-06,2,Necessária vistoria técnica antes do atendimento.
157,Vazamento de água,"Rua Paraná, 784",Vila Nova,-25.435173,-49.266212,2024-11-24,09:41,Vazamento de água identificado na via pública.,/uploads/ocorrencia_157.jpg,Alta,Serviço de Abastecimento de Água,Equipe 12,1,Resolvida,2024-11-26,Vazamento reparado,2024-11-25,1,Atendimento realizado dentro do prazo.
158,Lixo acumulado,"Rua XV de Novembro, 966",São Lucas,-25.357574,-49.16849,2026-05-06,12:50,Acúmulo de resíduos em área pública.,/uploads/ocorrencia_158.jpg,Alta,Secretaria de Limpeza,Equipe 15,2,Resolvida,2026-05-08,Resíduos recolhidos e área limpa,2026-05-07,1,Atendimento realizado dentro do prazo.
159,Buraco na rua,"Avenida Brasil, 960",Jardim das Flores,-25.372148,-49.36645,2024-10-18,14:41,"Buraco identificado na via, oferecendo risco aos veículos.",/uploads/ocorrencia_159.jpg,Alta,Secretaria de Obras,Equipe 09,3,Resolvida,2024-10-19,Buraco preenchido e via recapeada,2024-10-21,3,Necessária vistoria técnica antes do atendimento.
160,Alagamento,"Avenida Brasil, 348",Vila Esperança,-25.402676,-49.202308,2025-04-14,20:16,Ponto da via apresenta acúmulo de água após chuva.,/uploads/ocorrencia_160.jpg,Baixa,Secretaria de Obras,Equipe 10,10,Resolvida,2025-04-14,Drenagem desobstruída e reparada,2025-04-17,3,Ocorrência encaminhada para equipe responsável.
161,Lixo acumulado,"Rua das Palmeiras, 537",São Lucas,-25.48528,-49.337988,2025-02-14,21:06,Acúmulo de resíduos em área pública.,/uploads/ocorrencia_161.jpg,Baixa,Secretaria de Limpeza,Equipe 05,5,Resolvida,2025-02-15,Resíduos recolhidos e área limpa,2025-02-16,2,Necessária vistoria técnica antes do atendimento.
162,Calçada quebrada,"Avenida Central, 986",Vila Nova,-25.47809,-49.340924,2025-08-19,23:36,"Trecho da calçada danificado, dificultando a passagem.",/uploads/ocorrencia_162.jpg,Baixa,Secretaria de Obras,Equipe 11,5,Resolvida,2025-08-21,Calçada reparada,2025-08-22,3,Atendimento realizado dentro do prazo.
163,Vazamento de água,"Rua XV de Novembro, 425",Jardim das Flores,-25.427075,-49.345218,2025-12-21,09:44,Vazamento de água identificado na via pública.,/uploads/ocorrencia_163.jpg,Média,Serviço de Abastecimento de Água,Equipe 03,3,Resolvida,2025-12-22,Vazamento reparado,2025-12-24,3,Necessária vistoria técnica antes do atendimento.
164,Lixo acumulado,"Rua São José, 435",Vila Nova,-25.413932,-49.251046,2025-04-27,17:51,Acúmulo de resíduos em área pública.,/uploads/ocorrencia_164.jpg,Média,Secretaria de Limpeza,Equipe 13,7,Resolvida,2025-04-27,Resíduos recolhidos e área limpa,2025-04-30,3,Atendimento realizado dentro do prazo.
165,Semáforo com defeito,"Rua São José, 89",Vila Nova,-25.43546,-49.362537,2024-04-24,01:53,Semáforo apresenta falha no funcionamento.,/uploads/ocorrencia_165.jpg,Alta,Secretaria de Trânsito,Equipe 06,3,Resolvida,2024-04-24,Semáforo reparado,2024-04-27,3,Problema solucionado após intervenção da equipe.
166,Vazamento de água,"Rua Paraná, 744",Bairro Novo,-25.44735,-49.2858,2024-04-03,16:28,Vazamento de água identificado na via pública.,/uploads/ocorrencia_166.jpg,Média,Serviço de Abastecimento de Água,Equipe 01,3,Resolvida,2024-04-03,Vazamento reparado,2024-04-06,3,Problema solucionado após intervenção da equipe.
167,Vazamento de água,"Rua das Flores, 415",Jardim das Flores,-25.465261,-49.224904,2024-01-04,23:13,Vazamento de água identificado na via pública.,/uploads/ocorrencia_167.jpg,Baixa,Serviço de Abastecimento de Água,Equipe 09,10,Resolvida,2024-01-04,Vazamento reparado,2024-01-06,2,Atendimento realizado dentro do prazo.
168,Iluminação pública,"Rua das Flores, 303",Vila Nova,-25.357243,-49.306385,2026-02-26,04:49,Poste com iluminação defeituosa ou apagada.,/uploads/ocorrencia_168.jpg,Média,Secretaria de Serviços Públicos,Equipe 15,7,Resolvida,2026-02-28,Lâmpada e componentes elétricos substituídos,2026-03-05,7,Necessária vistoria técnica antes do atendimento.
169,Vazamento de água,"Rua das Palmeiras, 92",São Lucas,-25.514305,-49.265685,2025-11-08,17:08,Vazamento de água identificado na via pública.,/uploads/ocorrencia_169.jpg,Média,Serviço de Abastecimento de Água,Equipe 09,7,Resolvida,2025-11-08,Vazamento reparado,2025-11-12,4,Ocorrência encaminhada para equipe responsável.
170,Calçada quebrada,"Rua das Flores, 315",Centro,-25.500498,-49.31346,2026-01-06,17:27,"Trecho da calçada danificado, dificultando a passagem.",/uploads/ocorrencia_170.jpg,Média,Secretaria de Obras,Equipe 05,7,Resolvida,2026-01-06,Calçada reparada,2026-01-11,5,Ocorrência encaminhada para equipe responsável.
171,Iluminação pública,"Rua das Palmeiras, 639",Centro,-25.543285,-49.250554,2024-01-17,07:13,Poste com iluminação defeituosa ou apagada.,/uploads/ocorrencia_171.jpg,Média,Secretaria de Serviços Públicos,Equipe 12,3,Resolvida,2024-01-19,Lâmpada e componentes elétricos substituídos,2024-01-19,2,Atendimento realizado dentro do prazo.
172,Calçada quebrada,"Rua das Palmeiras, 459",Centro,-25.386843,-49.217121,2024-08-10,01:08,"Trecho da calçada danificado, dificultando a passagem.",/uploads/ocorrencia_172.jpg,Baixa,Secretaria de Obras,Equipe 06,10,Resolvida,2024-08-10,Calçada reparada,2024-08-15,5,Problema solucionado após intervenção da equipe.
173,Placa danificada,"Avenida Central, 907",Vila Esperança,-25.537808,-49.16287,2025-11-07,16:14,Placa de sinalização danificada ou ilegível.,/uploads/ocorrencia_173.jpg,Baixa,Secretaria de Trânsito,Equipe 15,7,Resolvida,2025-11-08,Placa substituída,2025-11-10,3,Ocorrência encaminhada para equipe responsável.
174,Árvore caída,"Rua das Flores, 362",Vila Nova,-25.466735,-49.362696,2025-11-18,12:50,Árvore caída ocupando parte da via ou calçada.,/uploads/ocorrencia_174.jpg,Alta,Secretaria de Meio Ambiente,Equipe 07,3,Resolvida,2025-11-20,Árvore removida e área liberada,2025-11-20,2,Ocorrência encaminhada para equipe responsável.
175,Semáforo com defeito,"Rua Paraná, 879",Vila Nova,-25.467465,-49.295873,2026-05-28,22:09,Semáforo apresenta falha no funcionamento.,/uploads/ocorrencia_175.jpg,Baixa,Secretaria de Trânsito,Equipe 09,7,Resolvida,2026-05-30,Semáforo reparado,2026-05-29,1,Ocorrência encaminhada para equipe responsável.
176,Árvore caída,"Avenida Central, 218",Vila Esperança,-25.405083,-49.35238,2024-03-21,14:54,Árvore caída ocupando parte da via ou calçada.,/uploads/ocorrencia_176.jpg,Baixa,Secretaria de Meio Ambiente,Equipe 05,7,Resolvida,2024-03-23,Árvore removida e área liberada,2024-03-22,1,Necessária vistoria técnica antes do atendimento.
177,Buraco na rua,"Rua Paraná, 833",Bairro Novo,-25.376105,-49.316759,2026-01-11,21:35,"Buraco identificado na via, oferecendo risco aos veículos.",/uploads/ocorrencia_177.jpg,Média,Secretaria de Obras,Equipe 15,3,Resolvida,2026-01-11,Buraco preenchido e via recapeada,2026-01-14,3,Atendimento realizado dentro do prazo.
178,Calçada quebrada,"Avenida Brasil, 774",Vila Esperança,-25.470674,-49.340167,2025-05-05,07:44,"Trecho da calçada danificado, dificultando a passagem.",/uploads/ocorrencia_178.jpg,Alta,Secretaria de Obras,Equipe 06,3,Resolvida,2025-05-05,Calçada reparada,2025-05-08,3,Serviço concluído e área liberada.
179,Árvore caída,"Rua São José, 325",Vila Nova,-25.367134,-49.307324,2025-06-09,15:29,Árvore caída ocupando parte da via ou calçada.,/uploads/ocorrencia_179.jpg,Baixa,Secretaria de Meio Ambiente,Equipe 07,5,Resolvida,2025-06-10,Árvore removida e área liberada,2025-06-13,4,Atendimento realizado dentro do prazo.
180,Calçada quebrada,"Rua das Flores, 277",Jardim América,-25.510762,-49.342495,2025-08-21,18:46,"Trecho da calçada danificado, dificultando a passagem.",/uploads/ocorrencia_180.jpg,Média,Secretaria de Obras,Equipe 10,5,Resolvida,2025-08-21,Calçada reparada,2025-08-25,4,Ocorrência encaminhada para equipe responsável.
181,Vazamento de água,"Avenida Central, 791",Boa Vista,-25.403446,-49.311956,2026-01-10,20:47,Vazamento de água identificado na via pública.,/uploads/ocorrencia_181.jpg,Alta,Serviço de Abastecimento de Água,Equipe 03,2,Resolvida,2026-01-10,Vazamento reparado,2026-01-12,2,Problema solucionado após intervenção da equipe.
182,Vazamento de água,"Rua das Flores, 546",Jardim América,-25.467522,-49.189364,2026-05-17,02:52,Vazamento de água identificado na via pública.,/uploads/ocorrencia_182.jpg,Baixa,Serviço de Abastecimento de Água,Equipe 04,10,Resolvida,2026-05-17,Vazamento reparado,2026-05-18,1,Atendimento realizado dentro do prazo.
183,Lixo acumulado,"Rua Paraná, 527",Centro,-25.418143,-49.396067,2024-03-02,19:40,Acúmulo de resíduos em área pública.,/uploads/ocorrencia_183.jpg,Média,Secretaria de Limpeza,Equipe 09,7,Resolvida,2024-03-03,Resíduos recolhidos e área limpa,2024-03-08,6,Problema solucionado após intervenção da equipe.
184,Árvore caída,"Rua das Flores, 552",Centro,-25.463885,-49.165072,2025-07-02,09:01,Árvore caída ocupando parte da via ou calçada.,/uploads/ocorrencia_184.jpg,Média,Secretaria de Meio Ambiente,Equipe 03,7,Resolvida,2025-07-04,Árvore removida e área liberada,2025-07-09,7,Atendimento realizado dentro do prazo.
185,Iluminação pública,"Rua Paraná, 206",Jardim América,-25.35814,-49.285251,2024-09-15,11:17,Poste com iluminação defeituosa ou apagada.,/uploads/ocorrencia_185.jpg,Média,Secretaria de Serviços Públicos,Equipe 04,5,Resolvida,2024-09-16,Lâmpada e componentes elétricos substituídos,2024-09-17,2,Ocorrência encaminhada para equipe responsável.
186,Alagamento,"Rua das Flores, 105",Bairro Novo,-25.515723,-49.275035,2025-01-21,17:30,Ponto da via apresenta acúmulo de água após chuva.,/uploads/ocorrencia_186.jpg,Média,Secretaria de Obras,Equipe 07,3,Resolvida,2025-01-23,Drenagem desobstruída e reparada,2025-01-23,2,Serviço concluído e área liberada.
187,Iluminação pública,"Rua Paraná, 226",Centro,-25.413114,-49.329907,2025-12-09,18:30,Poste com iluminação defeituosa ou apagada.,/uploads/ocorrencia_187.jpg,Alta,Secretaria de Serviços Públicos,Equipe 09,2,Resolvida,2025-12-09,Lâmpada e componentes elétricos substituídos,2025-12-10,1,Problema solucionado após intervenção da equipe.
188,Buraco na rua,"Rua São José, 26",Jardim América,-25.490145,-49.25901,2025-08-24,04:48,"Buraco identificado na via, oferecendo risco aos veículos.",/uploads/ocorrencia_188.jpg,Alta,Secretaria de Obras,Equipe 10,3,Resolvida,2025-08-24,Buraco preenchido e via recapeada,2025-08-26,2,Necessária vistoria técnica antes do atendimento.
189,Semáforo com defeito,"Rua das Palmeiras, 783",Boa Vista,-25.530463,-49.341964,2026-03-20,22:46,Semáforo apresenta falha no funcionamento.,/uploads/ocorrencia_189.jpg,Média,Secretaria de Trânsito,Equipe 02,3,Resolvida,2026-03-20,Semáforo reparado,2026-03-23,3,Serviço concluído e área liberada.
190,Árvore caída,"Rua das Flores, 659",Boa Vista,-25.46363,-49.230076,2025-04-06,15:14,Árvore caída ocupando parte da via ou calçada.,/uploads/ocorrencia_190.jpg,Baixa,Secretaria de Meio Ambiente,Equipe 11,7,Resolvida,2025-04-07,Árvore removida e área liberada,2025-04-11,5,Necessária vistoria técnica antes do atendimento.
191,Iluminação pública,"Rua Paraná, 740",Jardim das Flores,-25.472076,-49.309825,2024-10-01,04:24,Poste com iluminação defeituosa ou apagada.,/uploads/ocorrencia_191.jpg,Baixa,Secretaria de Serviços Públicos,Equipe 02,10,Resolvida,2024-10-03,Lâmpada e componentes elétricos substituídos,2024-10-04,3,Atendimento realizado dentro do prazo.
192,Alagamento,"Rua São José, 789",Vila Nova,-25.439052,-49.297989,2024-05-15,02:11,Ponto da via apresenta acúmulo de água após chuva.,/uploads/ocorrencia_192.jpg,Baixa,Secretaria de Obras,Equipe 01,7,Resolvida,2024-05-17,Drenagem desobstruída e reparada,2024-05-19,4,Atendimento realizado dentro do prazo.
193,Placa danificada,"Rua São José, 894",Bairro Novo,-25.445779,-49.228671,2024-10-25,13:24,Placa de sinalização danificada ou ilegível.,/uploads/ocorrencia_193.jpg,Média,Secretaria de Trânsito,Equipe 03,3,Resolvida,2024-10-27,Placa substituída,2024-10-27,2,Ocorrência encaminhada para equipe responsável.
194,Alagamento,"Avenida Central, 514",Jardim das Flores,-25.393467,-49.309719,2024-06-20,13:17,Ponto da via apresenta acúmulo de água após chuva.,/uploads/ocorrencia_194.jpg,Baixa,Secretaria de Obras,Equipe 04,7,Resolvida,2024-06-21,Drenagem desobstruída e reparada,2024-06-23,3,Necessária vistoria técnica antes do atendimento.
195,Calçada quebrada,"Avenida Brasil, 148",Vila Nova,-25.461955,-49.292346,2025-02-09,10:53,"Trecho da calçada danificado, dificultando a passagem.",/uploads/ocorrencia_195.jpg,Baixa,Secretaria de Obras,Equipe 14,10,Resolvida,2025-02-10,Calçada reparada,2025-02-16,7,Problema solucionado após intervenção da equipe.
196,Lixo acumulado,"Rua São José, 627",Jardim das Flores,-25.49171,-49.226261,2024-07-24,15:20,Acúmulo de resíduos em área pública.,/uploads/ocorrencia_196.jpg,Alta,Secretaria de Limpeza,Equipe 08,1,Resolvida,2024-07-25,Resíduos recolhidos e área limpa,2024-07-25,1,Problema solucionado após intervenção da equipe.
197,Calçada quebrada,"Rua das Palmeiras, 297",Boa Vista,-25.350547,-49.355018,2025-02-06,11:07,"Trecho da calçada danificado, dificultando a passagem.",/uploads/ocorrencia_197.jpg,Alta,Secretaria de Obras,Equipe 13,3,Resolvida,2025-02-08,Calçada reparada,2025-02-07,1,Problema solucionado após intervenção da equipe.
198,Buraco na rua,"Rua Paraná, 458",Vila Nova,-25.423333,-49.339495,2026-05-01,22:04,"Buraco identificado na via, oferecendo risco aos veículos.",/uploads/ocorrencia_198.jpg,Média,Secretaria de Obras,Equipe 11,5,Resolvida,2026-05-01,Buraco preenchido e via recapeada,2026-05-06,5,Ocorrência encaminhada para equipe responsável.
199,Árvore caída,"Avenida Brasil, 469",São Lucas,-25.46634,-49.390809,2025-05-05,18:25,Árvore caída ocupando parte da via ou calçada.,/uploads/ocorrencia_199.jpg,Alta,Secretaria de Meio Ambiente,Equipe 06,3,Resolvida,2025-05-07,Árvore removida e área liberada,2025-05-08,3,Problema solucionado após intervenção da equipe.
200,Iluminação pública,"Rua Paraná, 683",Bairro Novo,-25.356857,-49.292386,2024-06-19,20:39,Poste com iluminação defeituosa ou apagada.,/uploads/ocorrencia_200.jpg,Média,Secretaria de Serviços Públicos,Equipe 01,3,Resolvida,2024-06-20,Lâmpada e componentes elétricos substituídos,2024-06-22,3,Atendimento realizado dentro do prazo.
201,Alagamento,"Rua Paraná, 466",Vila Esperança,-25.481007,-49.393859,2025-04-19,21:37,Ponto da via apresenta acúmulo de água após chuva.,/uploads/ocorrencia_201.jpg,Média,Secretaria de Obras,Equipe 02,7,Resolvida,2025-04-19,Drenagem desobstruída e reparada,2025-04-25,6,Serviço concluído e área liberada.
202,Árvore caída,"Avenida Brasil, 861",Bairro Novo,-25.445777,-49.312925,2024-05-25,11:19,Árvore caída ocupando parte da via ou calçada.,/uploads/ocorrencia_202.jpg,Alta,Secretaria de Meio Ambiente,Equipe 02,2,Resolvida,2024-05-25,Árvore removida e área liberada,2024-05-27,2,Necessária vistoria técnica antes do atendimento.
203,Vazamento de água,"Avenida Brasil, 317",Boa Vista,-25.414572,-49.358911,2025-12-28,03:01,Vazamento de água identificado na via pública.,/uploads/ocorrencia_203.jpg,Baixa,Serviço de Abastecimento de Água,Equipe 12,7,Resolvida,2025-12-28,Vazamento reparado,2026-01-03,6,Ocorrência encaminhada para equipe responsável.
204,Semáforo com defeito,"Rua XV de Novembro, 348",Jardim América,-25.421904,-49.291966,2025-04-18,07:51,Semáforo apresenta falha no funcionamento.,/uploads/ocorrencia_204.jpg,Média,Secretaria de Trânsito,Equipe 01,5,Resolvida,2025-04-18,Semáforo reparado,2025-04-21,3,Problema solucionado após intervenção da equipe.
205,Calçada quebrada,"Rua das Palmeiras, 408",Vila Nova,-25.52965,-49.182005,2024-08-07,06:17,"Trecho da calçada danificado, dificultando a passagem.",/uploads/ocorrencia_205.jpg,Baixa,Secretaria de Obras,Equipe 03,10,Resolvida,2024-08-09,Calçada reparada,2024-08-09,2,Serviço concluído e área liberada.
206,Placa danificada,"Avenida Curitiba, 126",Vila Esperança,-25.472272,-49.301864,2026-06-02,15:33,Placa de sinalização danificada ou ilegível.,/uploads/ocorrencia_206.jpg,Baixa,Secretaria de Trânsito,Equipe 02,10,Resolvida,2026-06-04,Placa substituída,2026-06-08,6,Serviço concluído e área liberada.
207,Placa danificada,"Rua XV de Novembro, 843",Vila Nova,-25.415578,-49.321704,2026-03-30,09:58,Placa de sinalização danificada ou ilegível.,/uploads/ocorrencia_207.jpg,Média,Secretaria de Trânsito,Equipe 04,7,Resolvida,2026-03-30,Placa substituída,2026-04-05,6,Serviço concluído e área liberada.
208,Iluminação pública,"Rua São José, 720",Jardim América,-25.465392,-49.278332,2025-02-01,13:38,Poste com iluminação defeituosa ou apagada.,/uploads/ocorrencia_208.jpg,Baixa,Secretaria de Serviços Públicos,Equipe 09,5,Resolvida,2025-02-02,Lâmpada e componentes elétricos substituídos,2025-02-06,5,Ocorrência encaminhada para equipe responsável.
209,Semáforo com defeito,"Avenida Curitiba, 305",Jardim América,-25.453078,-49.351218,2024-11-18,14:39,Semáforo apresenta falha no funcionamento.,/uploads/ocorrencia_209.jpg,Baixa,Secretaria de Trânsito,Equipe 07,5,Resolvida,2024-11-18,Semáforo reparado,2024-11-21,3,Problema solucionado após intervenção da equipe.
210,Semáforo com defeito,"Rua das Palmeiras, 711",Vila Nova,-25.543828,-49.209736,2025-12-28,14:31,Semáforo apresenta falha no funcionamento.,/uploads/ocorrencia_210.jpg,Média,Secretaria de Trânsito,Equipe 05,3,Resolvida,2025-12-30,Semáforo reparado,2025-12-30,2,Atendimento realizado dentro do prazo.
211,Alagamento,"Avenida Central, 182",Vila Esperança,-25.527159,-49.206222,2025-08-02,23:49,Ponto da via apresenta acúmulo de água após chuva.,/uploads/ocorrencia_211.jpg,Média,Secretaria de Obras,Equipe 14,5,Resolvida,2025-08-04,Drenagem desobstruída e reparada,2025-08-04,2,Serviço concluído e área liberada.
212,Semáforo com defeito,"Avenida Curitiba, 569",Centro,-25.375038,-49.391942,2025-03-11,03:47,Semáforo apresenta falha no funcionamento.,/uploads/ocorrencia_212.jpg,Baixa,Secretaria de Trânsito,Equipe 05,10,Resolvida,2025-03-12,Semáforo reparado,2025-03-15,4,Serviço concluído e área liberada.
213,Iluminação pública,"Avenida Brasil, 804",Vila Nova,-25.427948,-49.292958,2024-08-02,23:37,Poste com iluminação defeituosa ou apagada.,/uploads/ocorrencia_213.jpg,Alta,Secretaria de Serviços Públicos,Equipe 10,3,Resolvida,2024-08-04,Lâmpada e componentes elétricos substituídos,2024-08-04,2,Ocorrência encaminhada para equipe responsável.
214,Calçada quebrada,"Rua das Flores, 593",Vila Esperança,-25.491473,-49.256816,2024-10-14,19:34,"Trecho da calçada danificado, dificultando a passagem.",/uploads/ocorrencia_214.jpg,Média,Secretaria de Obras,Equipe 14,3,Resolvida,2024-10-16,Calçada reparada,2024-10-17,3,Problema solucionado após intervenção da equipe.
215,Iluminação pública,"Rua das Palmeiras, 950",Jardim América,-25.520751,-49.319476,2024-10-10,20:08,Poste com iluminação defeituosa ou apagada.,/uploads/ocorrencia_215.jpg,Baixa,Secretaria de Serviços Públicos,Equipe 04,10,Resolvida,2024-10-10,Lâmpada e componentes elétricos substituídos,2024-10-13,3,Necessária vistoria técnica antes do atendimento.
216,Vazamento de água,"Avenida Central, 652",Jardim América,-25.40004,-49.226324,2025-04-07,02:40,Vazamento de água identificado na via pública.,/uploads/ocorrencia_216.jpg,Média,Serviço de Abastecimento de Água,Equipe 15,3,Resolvida,2025-04-09,Vazamento reparado,2025-04-10,3,Serviço concluído e área liberada.
217,Vazamento de água,"Rua São José, 605",Vila Nova,-25.417171,-49.310444,2026-03-03,23:05,Vazamento de água identificado na via pública.,/uploads/ocorrencia_217.jpg,Baixa,Serviço de Abastecimento de Água,Equipe 02,10,Resolvida,2026-03-05,Vazamento reparado,2026-03-11,8,Problema solucionado após intervenção da equipe.
218,Árvore caída,"Rua das Palmeiras, 854",Vila Esperança,-25.434413,-49.258464,2024-10-01,10:53,Árvore caída ocupando parte da via ou calçada.,/uploads/ocorrencia_218.jpg,Baixa,Secretaria de Meio Ambiente,Equipe 08,7,Resolvida,2024-10-03,Árvore removida e área liberada,2024-10-04,3,Serviço concluído e área liberada.
219,Buraco na rua,"Avenida Brasil, 651",Centro,-25.549865,-49.160492,2025-04-15,00:07,"Buraco identificado na via, oferecendo risco aos veículos.",/uploads/ocorrencia_219.jpg,Média,Secretaria de Obras,Equipe 04,3,Resolvida,2025-04-16,Buraco preenchido e via recapeada,2025-04-18,3,Ocorrência encaminhada para equipe responsável.
220,Alagamento,"Avenida Central, 105",Jardim América,-25.539643,-49.243599,2024-09-13,02:23,Ponto da via apresenta acúmulo de água após chuva.,/uploads/ocorrencia_220.jpg,Média,Secretaria de Obras,Equipe 12,7,Resolvida,2024-09-13,Drenagem desobstruída e reparada,2024-09-20,7,Ocorrência encaminhada para equipe responsável.
221,Árvore caída,"Avenida Brasil, 11",Bairro Novo,-25.460987,-49.397984,2024-03-20,04:37,Árvore caída ocupando parte da via ou calçada.,/uploads/ocorrencia_221.jpg,Baixa,Secretaria de Meio Ambiente,Equipe 06,5,Resolvida,2024-03-22,Árvore removida e área liberada,2024-03-25,5,Atendimento realizado dentro do prazo.
222,Árvore caída,"Avenida Curitiba, 82",Jardim América,-25.476488,-49.325186,2024-04-01,23:51,Árvore caída ocupando parte da via ou calçada.,/uploads/ocorrencia_222.jpg,Baixa,Secretaria de Meio Ambiente,Equipe 07,5,Resolvida,2024-04-02,Árvore removida e área liberada,2024-04-02,1,Ocorrência encaminhada para equipe responsável.
223,Lixo acumulado,"Rua das Flores, 634",Bairro Novo,-25.426785,-49.289404,2025-03-26,11:46,Acúmulo de resíduos em área pública.,/uploads/ocorrencia_223.jpg,Média,Secretaria de Limpeza,Equipe 04,3,Resolvida,2025-03-27,Resíduos recolhidos e área limpa,2025-03-28,2,Atendimento realizado dentro do prazo.
224,Iluminação pública,"Avenida Brasil, 613",Jardim América,-25.421076,-49.337958,2024-12-25,13:20,Poste com iluminação defeituosa ou apagada.,/uploads/ocorrencia_224.jpg,Média,Secretaria de Serviços Públicos,Equipe 10,3,Resolvida,2024-12-26,Lâmpada e componentes elétricos substituídos,2024-12-27,2,Problema solucionado após intervenção da equipe.
225,Alagamento,"Avenida Central, 220",Centro,-25.539086,-49.175522,2025-06-05,06:47,Ponto da via apresenta acúmulo de água após chuva.,/uploads/ocorrencia_225.jpg,Média,Secretaria de Obras,Equipe 04,5,Resolvida,2025-06-07,Drenagem desobstruída e reparada,2025-06-09,4,Necessária vistoria técnica antes do atendimento.
226,Árvore caída,"Rua Paraná, 521",Bairro Novo,-25.523603,-49.184796,2024-03-13,16:56,Árvore caída ocupando parte da via ou calçada.,/uploads/ocorrencia_226.jpg,Média,Secretaria de Meio Ambiente,Equipe 10,3,Resolvida,2024-03-14,Árvore removida e área liberada,2024-03-16,3,Necessária vistoria técnica antes do atendimento.
227,Placa danificada,"Avenida Curitiba, 987",Jardim América,-25.506851,-49.169355,2024-03-15,00:37,Placa de sinalização danificada ou ilegível.,/uploads/ocorrencia_227.jpg,Alta,Secretaria de Trânsito,Equipe 13,1,Resolvida,2024-03-16,Placa substituída,2024-03-16,1,Necessária vistoria técnica antes do atendimento.
228,Semáforo com defeito,"Rua das Palmeiras, 443",Jardim das Flores,-25.494506,-49.322523,2024-03-25,20:34,Semáforo apresenta falha no funcionamento.,/uploads/ocorrencia_228.jpg,Média,Secretaria de Trânsito,Equipe 09,7,Resolvida,2024-03-25,Semáforo reparado,2024-03-31,6,Ocorrência encaminhada para equipe responsável.
229,Lixo acumulado,"Rua das Palmeiras, 610",Boa Vista,-25.410265,-49.21751,2026-05-04,20:43,Acúmulo de resíduos em área pública.,/uploads/ocorrencia_229.jpg,Média,Secretaria de Limpeza,Equipe 14,7,Resolvida,2026-05-05,Resíduos recolhidos e área limpa,2026-05-06,2,Ocorrência encaminhada para equipe responsável.
230,Buraco na rua,"Avenida Brasil, 956",Vila Esperança,-25.401661,-49.214835,2025-04-09,19:38,"Buraco identificado na via, oferecendo risco aos veículos.",/uploads/ocorrencia_230.jpg,Média,Secretaria de Obras,Equipe 02,3,Resolvida,2025-04-11,Buraco preenchido e via recapeada,2025-04-12,3,Atendimento realizado dentro do prazo.
231,Lixo acumulado,"Rua XV de Novembro, 518",Centro,-25.475626,-49.212556,2025-06-19,16:50,Acúmulo de resíduos em área pública.,/uploads/ocorrencia_231.jpg,Alta,Secretaria de Limpeza,Equipe 14,3,Resolvida,2025-06-19,Resíduos recolhidos e área limpa,2025-06-21,2,Serviço concluído e área liberada.
232,Iluminação pública,"Rua São José, 836",Centro,-25.534586,-49.286201,2025-06-20,02:16,Poste com iluminação defeituosa ou apagada.,/uploads/ocorrencia_232.jpg,Média,Secretaria de Serviços Públicos,Equipe 06,7,Resolvida,2025-06-22,Lâmpada e componentes elétricos substituídos,2025-06-26,6,Atendimento realizado dentro do prazo.
233,Vazamento de água,"Rua São José, 171",Jardim América,-25.401844,-49.399358,2024-04-15,18:43,Vazamento de água identificado na via pública.,/uploads/ocorrencia_233.jpg,Baixa,Serviço de Abastecimento de Água,Equipe 14,10,Resolvida,2024-04-15,Vazamento reparado,2024-04-17,2,Atendimento realizado dentro do prazo.
234,Calçada quebrada,"Avenida Curitiba, 382",Centro,-25.48564,-49.295936,2024-06-02,05:59,"Trecho da calçada danificado, dificultando a passagem.",/uploads/ocorrencia_234.jpg,Média,Secretaria de Obras,Equipe 12,3,Resolvida,2024-06-02,Calçada reparada,2024-06-05,3,Serviço concluído e área liberada.
235,Alagamento,"Rua São José, 132",Bairro Novo,-25.536215,-49.283726,2024-02-23,05:14,Ponto da via apresenta acúmulo de água após chuva.,/uploads/ocorrencia_235.jpg,Média,Secretaria de Obras,Equipe 05,7,Resolvida,2024-02-24,Drenagem desobstruída e reparada,2024-02-25,2,Serviço concluído e área liberada.
236,Placa danificada,"Avenida Curitiba, 18",Bairro Novo,-25.476345,-49.157036,2024-10-25,18:50,Placa de sinalização danificada ou ilegível.,/uploads/ocorrencia_236.jpg,Média,Secretaria de Trânsito,Equipe 13,5,Resolvida,2024-10-26,Placa substituída,2024-10-28,3,Ocorrência encaminhada para equipe responsável.
237,Semáforo com defeito,"Rua XV de Novembro, 16",Vila Esperança,-25.549708,-49.235674,2024-01-25,07:34,Semáforo apresenta falha no funcionamento.,/uploads/ocorrencia_237.jpg,Alta,Secretaria de Trânsito,Equipe 14,2,Resolvida,2024-01-26,Semáforo reparado,2024-01-26,1,Serviço concluído e área liberada.
238,Iluminação pública,"Rua Paraná, 439",Vila Esperança,-25.365745,-49.175678,2024-03-02,04:45,Poste com iluminação defeituosa ou apagada.,/uploads/ocorrencia_238.jpg,Média,Secretaria de Serviços Públicos,Equipe 09,5,Resolvida,2024-03-02,Lâmpada e componentes elétricos substituídos,2024-03-04,2,Necessária vistoria técnica antes do atendimento.
239,Placa danificada,"Avenida Brasil, 604",Vila Nova,-25.436436,-49.291254,2024-05-16,20:52,Placa de sinalização danificada ou ilegível.,/uploads/ocorrencia_239.jpg,Baixa,Secretaria de Trânsito,Equipe 03,7,Resolvida,2024-05-18,Placa substituída,2024-05-17,1,Ocorrência encaminhada para equipe responsável.
240,Alagamento,"Rua São José, 958",Jardim das Flores,-25.503278,-49.164111,2025-12-18,23:20,Ponto da via apresenta acúmulo de água após chuva.,/uploads/ocorrencia_240.jpg,Alta,Secretaria de Obras,Equipe 03,2,Resolvida,2025-12-19,Drenagem desobstruída e reparada,2025-12-20,2,Problema solucionado após intervenção da equipe.
241,Iluminação pública,"Avenida Brasil, 178",Jardim América,-25.459617,-49.284163,2024-11-17,13:07,Poste com iluminação defeituosa ou apagada.,/uploads/ocorrencia_241.jpg,Média,Secretaria de Serviços Públicos,Equipe 14,7,Resolvida,2024-11-17,Lâmpada e componentes elétricos substituídos,2024-11-21,4,Atendimento realizado dentro do prazo.
242,Iluminação pública,"Avenida Central, 856",Jardim América,-25.407769,-49.1579,2025-09-09,01:13,Poste com iluminação defeituosa ou apagada.,/uploads/ocorrencia_242.jpg,Média,Secretaria de Serviços Públicos,Equipe 07,5,Resolvida,2025-09-09,Lâmpada e componentes elétricos substituídos,2025-09-12,3,Problema solucionado após intervenção da equipe.
243,Buraco na rua,"Avenida Central, 849",Jardim das Flores,-25.457591,-49.199026,2024-02-01,12:54,"Buraco identificado na via, oferecendo risco aos veículos.",/uploads/ocorrencia_243.jpg,Alta,Secretaria de Obras,Equipe 03,2,Resolvida,2024-02-01,Buraco preenchido e via recapeada,2024-02-02,1,Atendimento realizado dentro do prazo.
244,Buraco na rua,"Rua Paraná, 143",Centro,-25.432776,-49.170643,2025-02-14,11:43,"Buraco identificado na via, oferecendo risco aos veículos.",/uploads/ocorrencia_244.jpg,Baixa,Secretaria de Obras,Equipe 02,10,Resolvida,2025-02-16,Buraco preenchido e via recapeada,2025-02-16,2,Atendimento realizado dentro do prazo.
245,Iluminação pública,"Avenida Curitiba, 838",Vila Esperança,-25.516402,-49.256529,2026-05-17,10:07,Poste com iluminação defeituosa ou apagada.,/uploads/ocorrencia_245.jpg,Baixa,Secretaria de Serviços Públicos,Equipe 14,5,Resolvida,2026-05-17,Lâmpada e componentes elétricos substituídos,2026-05-21,4,Necessária vistoria técnica antes do atendimento.
246,Vazamento de água,"Rua das Palmeiras, 709",Centro,-25.460798,-49.362842,2024-12-28,06:58,Vazamento de água identificado na via pública.,/uploads/ocorrencia_246.jpg,Média,Serviço de Abastecimento de Água,Equipe 10,3,Resolvida,2024-12-29,Vazamento reparado,2024-12-31,3,Problema solucionado após intervenção da equipe.
247,Calçada quebrada,"Avenida Curitiba, 431",Jardim das Flores,-25.466153,-49.239337,2025-05-05,01:05,"Trecho da calçada danificado, dificultando a passagem.",/uploads/ocorrencia_247.jpg,Alta,Secretaria de Obras,Equipe 13,2,Resolvida,2025-05-05,Calçada reparada,2025-05-07,2,Problema solucionado após intervenção da equipe.
248,Calçada quebrada,"Rua das Palmeiras, 810",Centro,-25.449521,-49.302905,2025-05-06,17:50,"Trecho da calçada danificado, dificultando a passagem.",/uploads/ocorrencia_248.jpg,Média,Secretaria de Obras,Equipe 03,5,Resolvida,2025-05-08,Calçada reparada,2025-05-10,4,Atendimento realizado dentro do prazo.
249,Placa danificada,"Rua das Flores, 927",Vila Esperança,-25.350079,-49.156505,2024-10-14,01:51,Placa de sinalização danificada ou ilegível.,/uploads/ocorrencia_249.jpg,Alta,Secretaria de Trânsito,Equipe 02,2,Resolvida,2024-10-16,Placa substituída,2024-10-16,2,Ocorrência encaminhada para equipe responsável.
250,Calçada quebrada,"Rua das Flores, 792",Jardim das Flores,-25.51478,-49.25187,2024-08-12,18:54,"Trecho da calçada danificado, dificultando a passagem.",/uploads/ocorrencia_250.jpg,Alta,Secretaria de Obras,Equipe 13,2,Resolvida,2024-08-12,Calçada reparada,2024-08-14,2,Serviço concluído e área liberada.
251,Buraco na rua,"Rua XV de Novembro, 586",Boa Vista,-25.542407,-49.385958,2026-05-06,15:34,"Buraco identificado na via, oferecendo risco aos veículos.",/uploads/ocorrencia_251.jpg,Alta,Secretaria de Obras,Equipe 10,2,Resolvida,2026-05-07,Buraco preenchido e via recapeada,2026-05-07,1,Ocorrência encaminhada para equipe responsável.
252,Buraco na rua,"Rua das Flores, 349",Vila Nova,-25.538089,-49.363072,2024-07-25,04:21,"Buraco identificado na via, oferecendo risco aos veículos.",/uploads/ocorrencia_252.jpg,Alta,Secretaria de Obras,Equipe 12,3,Resolvida,2024-07-26,Buraco preenchido e via recapeada,2024-07-26,1,Ocorrência encaminhada para equipe responsável.
253,Iluminação pública,"Avenida Brasil, 392",Boa Vista,-25.485479,-49.156035,2025-11-09,12:37,Poste com iluminação defeituosa ou apagada.,/uploads/ocorrencia_253.jpg,Média,Secretaria de Serviços Públicos,Equipe 12,3,Resolvida,2025-11-10,Lâmpada e componentes elétricos substituídos,2025-11-12,3,Necessária vistoria técnica antes do atendimento.
254,Vazamento de água,"Rua XV de Novembro, 734",Boa Vista,-25.43221,-49.356162,2025-12-11,19:50,Vazamento de água identificado na via pública.,/uploads/ocorrencia_254.jpg,Alta,Serviço de Abastecimento de Água,Equipe 05,2,Resolvida,2025-12-13,Vazamento reparado,2025-12-12,1,Serviço concluído e área liberada.
255,Lixo acumulado,"Rua das Flores, 981",Jardim América,-25.429522,-49.16974,2025-08-09,12:54,Acúmulo de resíduos em área pública.,/uploads/ocorrencia_255.jpg,Média,Secretaria de Limpeza,Equipe 10,7,Resolvida,2025-08-09,Resíduos recolhidos e área limpa,2025-08-11,2,Ocorrência encaminhada para equipe responsável.
256,Iluminação pública,"Rua XV de Novembro, 349",Vila Nova,-25.415995,-49.217679,2024-08-31,11:20,Poste com iluminação defeituosa ou apagada.,/uploads/ocorrencia_256.jpg,Média,Secretaria de Serviços Públicos,Equipe 06,3,Resolvida,2024-09-02,Lâmpada e componentes elétricos substituídos,2024-09-02,2,Necessária vistoria técnica antes do atendimento.
257,Buraco na rua,"Rua Paraná, 265",Jardim das Flores,-25.472813,-49.216854,2024-12-24,08:50,"Buraco identificado na via, oferecendo risco aos veículos.",/uploads/ocorrencia_257.jpg,Média,Secretaria de Obras,Equipe 03,3,Resolvida,2024-12-24,Buraco preenchido e via recapeada,2024-12-26,2,Necessária vistoria técnica antes do atendimento.
258,Vazamento de água,"Rua São José, 569",São Lucas,-25.504883,-49.287178,2026-04-28,15:50,Vazamento de água identificado na via pública.,/uploads/ocorrencia_258.jpg,Média,Serviço de Abastecimento de Água,Equipe 13,7,Resolvida,2026-04-30,Vazamento reparado,2026-05-05,7,Atendimento realizado dentro do prazo.
259,Alagamento,"Rua São José, 277",Centro,-25.535,-49.164541,2024-03-16,10:10,Ponto da via apresenta acúmulo de água após chuva.,/uploads/ocorrencia_259.jpg,Alta,Secretaria de Obras,Equipe 02,2,Resolvida,2024-03-18,Drenagem desobstruída e reparada,2024-03-17,1,Serviço concluído e área liberada.
260,Vazamento de água,"Rua das Palmeiras, 975",Centro,-25.50889,-49.352504,2025-09-13,13:10,Vazamento de água identificado na via pública.,/uploads/ocorrencia_260.jpg,Média,Serviço de Abastecimento de Água,Equipe 12,3,Resolvida,2025-09-14,Vazamento reparado,2025-09-15,2,Problema solucionado após intervenção da equipe.
261,Semáforo com defeito,"Avenida Central, 314",Jardim das Flores,-25.539099,-49.399046,2024-02-20,12:36,Semáforo apresenta falha no funcionamento.,/uploads/ocorrencia_261.jpg,Baixa,Secretaria de Trânsito,Equipe 02,10,Resolvida,2024-02-20,Semáforo reparado,2024-02-28,8,Serviço concluído e área liberada.
262,Vazamento de água,"Avenida Brasil, 36",Vila Esperança,-25.488329,-49.300633,2025-10-15,09:05,Vazamento de água identificado na via pública.,/uploads/ocorrencia_262.jpg,Baixa,Serviço de Abastecimento de Água,Equipe 08,7,Resolvida,2025-10-15,Vazamento reparado,2025-10-22,7,Serviço concluído e área liberada.
263,Iluminação pública,"Rua XV de Novembro, 389",São Lucas,-25.456988,-49.343439,2025-01-13,05:28,Poste com iluminação defeituosa ou apagada.,/uploads/ocorrencia_263.jpg,Alta,Secretaria de Serviços Públicos,Equipe 05,1,Resolvida,2025-01-14,Lâmpada e componentes elétricos substituídos,2025-01-14,1,Problema solucionado após intervenção da equipe.
264,Buraco na rua,"Avenida Brasil, 97",Jardim América,-25.537803,-49.303223,2026-04-07,17:26,"Buraco identificado na via, oferecendo risco aos veículos.",/uploads/ocorrencia_264.jpg,Média,Secretaria de Obras,Equipe 09,7,Resolvida,2026-04-09,Buraco preenchido e via recapeada,2026-04-10,3,Necessária vistoria técnica antes do atendimento.
265,Semáforo com defeito,"Rua Paraná, 497",Vila Nova,-25.38991,-49.230616,2025-02-08,22:02,Semáforo apresenta falha no funcionamento.,/uploads/ocorrencia_265.jpg,Baixa,Secretaria de Trânsito,Equipe 10,10,Resolvida,2025-02-10,Semáforo reparado,2025-02-18,10,Ocorrência encaminhada para equipe responsável.
266,Iluminação pública,"Rua XV de Novembro, 981",Vila Nova,-25.352344,-49.291152,2024-08-04,06:08,Poste com iluminação defeituosa ou apagada.,/uploads/ocorrencia_266.jpg,Alta,Secretaria de Serviços Públicos,Equipe 14,1,Resolvida,2024-08-04,Lâmpada e componentes elétricos substituídos,2024-08-05,1,Ocorrência encaminhada para equipe responsável.
267,Alagamento,"Avenida Brasil, 99",Boa Vista,-25.39269,-49.244236,2025-02-10,17:20,Ponto da via apresenta acúmulo de água após chuva.,/uploads/ocorrencia_267.jpg,Média,Secretaria de Obras,Equipe 09,5,Resolvida,2025-02-10,Drenagem desobstruída e reparada,2025-02-15,5,Necessária vistoria técnica antes do atendimento.
268,Iluminação pública,"Rua XV de Novembro, 161",São Lucas,-25.376505,-49.179966,2025-08-19,03:59,Poste com iluminação defeituosa ou apagada.,/uploads/ocorrencia_268.jpg,Média,Secretaria de Serviços Públicos,Equipe 15,3,Resolvida,2025-08-20,Lâmpada e componentes elétricos substituídos,2025-08-21,2,Necessária vistoria técnica antes do atendimento.
269,Alagamento,"Avenida Curitiba, 595",São Lucas,-25.428269,-49.226585,2024-02-08,05:17,Ponto da via apresenta acúmulo de água após chuva.,/uploads/ocorrencia_269.jpg,Média,Secretaria de Obras,Equipe 01,5,Resolvida,2024-02-10,Drenagem desobstruída e reparada,2024-02-11,3,Necessária vistoria técnica antes do atendimento.
270,Placa danificada,"Rua das Flores, 773",Vila Esperança,-25.493931,-49.277095,2024-10-02,11:01,Placa de sinalização danificada ou ilegível.,/uploads/ocorrencia_270.jpg,Média,Secretaria de Trânsito,Equipe 12,5,Resolvida,2024-10-03,Placa substituída,2024-10-06,4,Atendimento realizado dentro do prazo.
271,Calçada quebrada,"Avenida Central, 771",Jardim América,-25.420889,-49.353016,2026-04-25,10:17,"Trecho da calçada danificado, dificultando a passagem.",/uploads/ocorrencia_271.jpg,Média,Secretaria de Obras,Equipe 04,7,Resolvida,2026-04-27,Calçada reparada,2026-04-30,5,Necessária vistoria técnica antes do atendimento.
272,Vazamento de água,"Rua das Flores, 537",Boa Vista,-25.393897,-49.268928,2024-03-08,09:45,Vazamento de água identificado na via pública.,/uploads/ocorrencia_272.jpg,Média,Serviço de Abastecimento de Água,Equipe 10,7,Resolvida,2024-03-08,Vazamento reparado,2024-03-13,5,Atendimento realizado dentro do prazo.
273,Lixo acumulado,"Rua Paraná, 867",Vila Esperança,-25.495205,-49.194123,2024-02-03,14:03,Acúmulo de resíduos em área pública.,/uploads/ocorrencia_273.jpg,Baixa,Secretaria de Limpeza,Equipe 09,7,Resolvida,2024-02-03,Resíduos recolhidos e área limpa,2024-02-09,6,Necessária vistoria técnica antes do atendimento.
274,Iluminação pública,"Rua Paraná, 391",Centro,-25.517297,-49.176377,2025-04-01,05:55,Poste com iluminação defeituosa ou apagada.,/uploads/ocorrencia_274.jpg,Média,Secretaria de Serviços Públicos,Equipe 12,5,Resolvida,2025-04-02,Lâmpada e componentes elétricos substituídos,2025-04-05,4,Atendimento realizado dentro do prazo.
275,Alagamento,"Rua das Palmeiras, 60",Centro,-25.508654,-49.237103,2025-08-08,06:54,Ponto da via apresenta acúmulo de água após chuva.,/uploads/ocorrencia_275.jpg,Baixa,Secretaria de Obras,Equipe 09,5,Resolvida,2025-08-10,Drenagem desobstruída e reparada,2025-08-10,2,Atendimento realizado dentro do prazo.
276,Buraco na rua,"Rua XV de Novembro, 672",Vila Nova,-25.407452,-49.222658,2026-03-31,00:14,"Buraco identificado na via, oferecendo risco aos veículos.",/uploads/ocorrencia_276.jpg,Baixa,Secretaria de Obras,Equipe 05,7,Resolvida,2026-04-01,Buraco preenchido e via recapeada,2026-04-05,5,Necessária vistoria técnica antes do atendimento.
277,Árvore caída,"Avenida Curitiba, 268",Boa Vista,-25.529538,-49.272122,2024-11-05,21:33,Árvore caída ocupando parte da via ou calçada.,/uploads/ocorrencia_277.jpg,Baixa,Secretaria de Meio Ambiente,Equipe 11,10,Resolvida,2024-11-07,Árvore removida e área liberada,2024-11-12,7,Serviço concluído e área liberada.
278,Semáforo com defeito,"Avenida Central, 710",Jardim das Flores,-25.497771,-49.222227,2024-03-06,10:17,Semáforo apresenta falha no funcionamento.,/uploads/ocorrencia_278.jpg,Baixa,Secretaria de Trânsito,Equipe 15,10,Resolvida,2024-03-07,Semáforo reparado,2024-03-12,6,Serviço concluído e área liberada.
279,Calçada quebrada,"Rua Paraná, 931",Jardim América,-25.522014,-49.393636,2026-05-27,19:25,"Trecho da calçada danificado, dificultando a passagem.",/uploads/ocorrencia_279.jpg,Baixa,Secretaria de Obras,Equipe 08,10,Resolvida,2026-05-29,Calçada reparada,2026-06-02,6,Serviço concluído e área liberada.
280,Alagamento,"Rua das Palmeiras, 407",São Lucas,-25.407326,-49.22842,2025-08-20,22:36,Ponto da via apresenta acúmulo de água após chuva.,/uploads/ocorrencia_280.jpg,Média,Secretaria de Obras,Equipe 11,3,Resolvida,2025-08-22,Drenagem desobstruída e reparada,2025-08-23,3,Necessária vistoria técnica antes do atendimento.
281,Placa danificada,"Rua XV de Novembro, 870",Jardim das Flores,-25.401816,-49.218703,2025-07-25,05:18,Placa de sinalização danificada ou ilegível.,/uploads/ocorrencia_281.jpg,Média,Secretaria de Trânsito,Equipe 09,3,Resolvida,2025-07-25,Placa substituída,2025-07-28,3,Ocorrência encaminhada para equipe responsável.
282,Placa danificada,"Rua Paraná, 373",Bairro Novo,-25.432886,-49.28406,2026-06-11,09:26,Placa de sinalização danificada ou ilegível.,/uploads/ocorrencia_282.jpg,Baixa,Secretaria de Trânsito,Equipe 02,7,Resolvida,2026-06-12,Placa substituída,2026-06-14,3,Necessária vistoria técnica antes do atendimento.
283,Buraco na rua,"Avenida Curitiba, 920",Bairro Novo,-25.539188,-49.18644,2024-05-02,21:24,"Buraco identificado na via, oferecendo risco aos veículos.",/uploads/ocorrencia_283.jpg,Baixa,Secretaria de Obras,Equipe 03,10,Resolvida,2024-05-03,Buraco preenchido e via recapeada,2024-05-07,5,Ocorrência encaminhada para equipe responsável.
284,Placa danificada,"Avenida Curitiba, 156",São Lucas,-25.423793,-49.355794,2026-01-02,05:49,Placa de sinalização danificada ou ilegível.,/uploads/ocorrencia_284.jpg,Baixa,Secretaria de Trânsito,Equipe 11,5,Resolvida,2026-01-03,Placa substituída,2026-01-06,4,Atendimento realizado dentro do prazo.
285,Buraco na rua,"Avenida Central, 224",Vila Nova,-25.524119,-49.291572,2024-06-21,18:48,"Buraco identificado na via, oferecendo risco aos veículos.",/uploads/ocorrencia_285.jpg,Média,Secretaria de Obras,Equipe 07,3,Resolvida,2024-06-21,Buraco preenchido e via recapeada,2024-06-24,3,Necessária vistoria técnica antes do atendimento.
286,Árvore caída,"Rua das Palmeiras, 14",Vila Nova,-25.511885,-49.230813,2024-07-23,23:23,Árvore caída ocupando parte da via ou calçada.,/uploads/ocorrencia_286.jpg,Baixa,Secretaria de Meio Ambiente,Equipe 11,5,Resolvida,2024-07-25,Árvore removida e área liberada,2024-07-26,3,Ocorrência encaminhada para equipe responsável.
287,Calçada quebrada,"Avenida Central, 142",Boa Vista,-25.49036,-49.327293,2025-05-30,18:19,"Trecho da calçada danificado, dificultando a passagem.",/uploads/ocorrencia_287.jpg,Baixa,Secretaria de Obras,Equipe 12,5,Resolvida,2025-05-30,Calçada reparada,2025-05-31,1,Problema solucionado após intervenção da equipe.
288,Semáforo com defeito,"Rua das Palmeiras, 919",Boa Vista,-25.517023,-49.173276,2024-05-17,10:57,Semáforo apresenta falha no funcionamento.,/uploads/ocorrencia_288.jpg,Média,Secretaria de Trânsito,Equipe 13,5,Resolvida,2024-05-17,Semáforo reparado,2024-05-21,4,Necessária vistoria técnica antes do atendimento.
289,Buraco na rua,"Rua Paraná, 754",Vila Esperança,-25.525368,-49.222222,2024-08-04,23:01,"Buraco identificado na via, oferecendo risco aos veículos.",/uploads/ocorrencia_289.jpg,Alta,Secretaria de Obras,Equipe 13,3,Resolvida,2024-08-04,Buraco preenchido e via recapeada,2024-08-07,3,Atendimento realizado dentro do prazo.
290,Árvore caída,"Rua das Flores, 618",Jardim das Flores,-25.526842,-49.288921,2025-11-08,03:41,Árvore caída ocupando parte da via ou calçada.,/uploads/ocorrencia_290.jpg,Alta,Secretaria de Meio Ambiente,Equipe 02,1,Resolvida,2025-11-10,Árvore removida e área liberada,2025-11-09,1,Problema solucionado após intervenção da equipe.
291,Alagamento,"Rua XV de Novembro, 220",Vila Nova,-25.445938,-49.244301,2025-10-07,00:19,Ponto da via apresenta acúmulo de água após chuva.,/uploads/ocorrencia_291.jpg,Média,Secretaria de Obras,Equipe 12,5,Resolvida,2025-10-09,Drenagem desobstruída e reparada,2025-10-09,2,Ocorrência encaminhada para equipe responsável.
292,Árvore caída,"Avenida Brasil, 299",Bairro Novo,-25.3837,-49.15672,2024-04-18,15:12,Árvore caída ocupando parte da via ou calçada.,/uploads/ocorrencia_292.jpg,Baixa,Secretaria de Meio Ambiente,Equipe 06,10,Resolvida,2024-04-19,Árvore removida e área liberada,2024-04-22,4,Necessária vistoria técnica antes do atendimento.
293,Alagamento,"Rua das Flores, 571",Jardim América,-25.549452,-49.232092,2024-07-31,22:59,Ponto da via apresenta acúmulo de água após chuva.,/uploads/ocorrencia_293.jpg,Média,Secretaria de Obras,Equipe 15,5,Resolvida,2024-07-31,Drenagem desobstruída e reparada,2024-08-04,4,Atendimento realizado dentro do prazo.
294,Vazamento de água,"Avenida Brasil, 808",Jardim América,-25.352267,-49.325994,2026-01-10,23:06,Vazamento de água identificado na via pública.,/uploads/ocorrencia_294.jpg,Média,Serviço de Abastecimento de Água,Equipe 08,5,Resolvida,2026-01-11,Vazamento reparado,2026-01-13,3,Atendimento realizado dentro do prazo.
295,Iluminação pública,"Rua das Flores, 882",Jardim América,-25.531,-49.210449,2026-03-31,21:20,Poste com iluminação defeituosa ou apagada.,/uploads/ocorrencia_295.jpg,Baixa,Secretaria de Serviços Públicos,Equipe 01,7,Resolvida,2026-03-31,Lâmpada e componentes elétricos substituídos,2026-04-06,6,Atendimento realizado dentro do prazo.
296,Lixo acumulado,"Rua São José, 376",Jardim América,-25.387007,-49.354283,2025-09-28,08:56,Acúmulo de resíduos em área pública.,/uploads/ocorrencia_296.jpg,Alta,Secretaria de Limpeza,Equipe 07,3,Resolvida,2025-09-29,Resíduos recolhidos e área limpa,2025-09-29,1,Necessária vistoria técnica antes do atendimento.
297,Vazamento de água,"Rua das Palmeiras, 716",Jardim das Flores,-25.410766,-49.385338,2026-03-30,13:41,Vazamento de água identificado na via pública.,/uploads/ocorrencia_297.jpg,Alta,Serviço de Abastecimento de Água,Equipe 14,1,Resolvida,2026-03-30,Vazamento reparado,2026-03-31,1,Ocorrência encaminhada para equipe responsável.
298,Iluminação pública,"Avenida Curitiba, 831",São Lucas,-25.544237,-49.228884,2025-03-24,05:39,Poste com iluminação defeituosa ou apagada.,/uploads/ocorrencia_298.jpg,Média,Secretaria de Serviços Públicos,Equipe 14,5,Resolvida,2025-03-26,Lâmpada e componentes elétricos substituídos,2025-03-28,4,Ocorrência encaminhada para equipe responsável.
299,Vazamento de água,"Avenida Brasil, 918",Vila Nova,-25.409086,-49.230518,2024-02-17,02:16,Vazamento de água identificado na via pública.,/uploads/ocorrencia_299.jpg,Média,Serviço de Abastecimento de Água,Equipe 13,7,Resolvida,2024-02-17,Vazamento reparado,2024-02-21,4,Problema solucionado após intervenção da equipe.
300,Calçada quebrada,"Avenida Brasil, 453",Boa Vista,-25.473025,-49.190242,2024-09-11,15:22,"Trecho da calçada danificado, dificultando a passagem.",/uploads/ocorrencia_300.jpg,Média,Secretaria de Obras,Equipe 09,7,Resolvida,2024-09-13,Calçada reparada,2024-09-18,7,Problema solucionado após intervenção da equipe.
301,Buraco na rua,"Rua XV de Novembro, 527",Centro,-25.485873,-49.317276,2026-05-22,15:55,"Buraco identificado na via, oferecendo risco aos veículos.",/uploads/ocorrencia_301.jpg,Alta,Secretaria de Obras,Equipe 05,1,Resolvida,2026-05-23,Buraco preenchido e via recapeada,2026-05-23,1,Atendimento realizado dentro do prazo.
302,Semáforo com defeito,"Rua das Palmeiras, 422",Vila Esperança,-25.378682,-49.288233,2024-03-21,14:28,Semáforo apresenta falha no funcionamento.,/uploads/ocorrencia_302.jpg,Alta,Secretaria de Trânsito,Equipe 02,3,Resolvida,2024-03-21,Semáforo reparado,2024-03-23,2,Necessária vistoria técnica antes do atendimento.
303,Buraco na rua,"Rua das Palmeiras, 432",Bairro Novo,-25.422492,-49.177472,2025-07-16,00:52,"Buraco identificado na via, oferecendo risco aos veículos.",/uploads/ocorrencia_303.jpg,Baixa,Secretaria de Obras,Equipe 09,5,Resolvida,2025-07-18,Buraco preenchido e via recapeada,2025-07-21,5,Ocorrência encaminhada para equipe responsável.
304,Vazamento de água,"Rua São José, 855",Boa Vista,-25.455373,-49.235708,2024-08-16,14:21,Vazamento de água identificado na via pública.,/uploads/ocorrencia_304.jpg,Baixa,Serviço de Abastecimento de Água,Equipe 12,10,Resolvida,2024-08-18,Vazamento reparado,2024-08-26,10,Necessária vistoria técnica antes do atendimento.
305,Iluminação pública,"Rua Paraná, 12",Bairro Novo,-25.475222,-49.373419,2026-04-29,20:51,Poste com iluminação defeituosa ou apagada.,/uploads/ocorrencia_305.jpg,Baixa,Secretaria de Serviços Públicos,Equipe 15,7,Resolvida,2026-05-01,Lâmpada e componentes elétricos substituídos,2026-05-04,5,Ocorrência encaminhada para equipe responsável.
306,Vazamento de água,"Rua das Palmeiras, 119",Jardim América,-25.385089,-49.352355,2024-07-19,06:07,Vazamento de água identificado na via pública.,/uploads/ocorrencia_306.jpg,Baixa,Serviço de Abastecimento de Água,Equipe 06,7,Resolvida,2024-07-20,Vazamento reparado,2024-07-21,2,Atendimento realizado dentro do prazo.
307,Árvore caída,"Avenida Brasil, 800",Centro,-25.549132,-49.215947,2025-04-13,21:37,Árvore caída ocupando parte da via ou calçada.,/uploads/ocorrencia_307.jpg,Alta,Secretaria de Meio Ambiente,Equipe 09,3,Resolvida,2025-04-14,Árvore removida e área liberada,2025-04-14,1,Necessária vistoria técnica antes do atendimento.
308,Vazamento de água,"Rua XV de Novembro, 758",Jardim América,-25.449178,-49.303834,2024-04-16,12:42,Vazamento de água identificado na via pública.,/uploads/ocorrencia_308.jpg,Alta,Serviço de Abastecimento de Água,Equipe 10,3,Resolvida,2024-04-17,Vazamento reparado,2024-04-19,3,Ocorrência encaminhada para equipe responsável.
309,Alagamento,"Rua São José, 311",São Lucas,-25.447541,-49.189231,2024-05-16,04:26,Ponto da via apresenta acúmulo de água após chuva.,/uploads/ocorrencia_309.jpg,Média,Secretaria de Obras,Equipe 09,7,Resolvida,2024-05-18,Drenagem desobstruída e reparada,2024-05-23,7,Serviço concluído e área liberada.
310,Semáforo com defeito,"Rua Paraná, 224",Vila Esperança,-25.419983,-49.160418,2024-10-24,21:22,Semáforo apresenta falha no funcionamento.,/uploads/ocorrencia_310.jpg,Média,Secretaria de Trânsito,Equipe 09,7,Resolvida,2024-10-26,Semáforo reparado,2024-10-27,3,Problema solucionado após intervenção da equipe.
311,Placa danificada,"Rua São José, 585",Bairro Novo,-25.388339,-49.269318,2025-08-07,21:45,Placa de sinalização danificada ou ilegível.,/uploads/ocorrencia_311.jpg,Média,Secretaria de Trânsito,Equipe 01,5,Resolvida,2025-08-08,Placa substituída,2025-08-11,4,Necessária vistoria técnica antes do atendimento.
312,Lixo acumulado,"Rua das Flores, 214",Centro,-25.382124,-49.227351,2026-03-15,05:18,Acúmulo de resíduos em área pública.,/uploads/ocorrencia_312.jpg,Baixa,Secretaria de Limpeza,Equipe 05,10,Resolvida,2026-03-15,Resíduos recolhidos e área limpa,2026-03-20,5,Ocorrência encaminhada para equipe responsável.
313,Semáforo com defeito,"Rua São José, 843",Centro,-25.420576,-49.302778,2025-09-22,21:47,Semáforo apresenta falha no funcionamento.,/uploads/ocorrencia_313.jpg,Média,Secretaria de Trânsito,Equipe 09,7,Resolvida,2025-09-24,Semáforo reparado,2025-09-25,3,Serviço concluído e área liberada.
314,Buraco na rua,"Rua das Palmeiras, 436",São Lucas,-25.499732,-49.24486,2025-12-02,10:35,"Buraco identificado na via, oferecendo risco aos veículos.",/uploads/ocorrencia_314.jpg,Alta,Secretaria de Obras,Equipe 13,1,Resolvida,2025-12-04,Buraco preenchido e via recapeada,2025-12-03,1,Necessária vistoria técnica antes do atendimento.
315,Calçada quebrada,"Rua Paraná, 804",Boa Vista,-25.357505,-49.21623,2024-07-17,09:28,"Trecho da calçada danificado, dificultando a passagem.",/uploads/ocorrencia_315.jpg,Média,Secretaria de Obras,Equipe 02,3,Resolvida,2024-07-17,Calçada reparada,2024-07-19,2,Necessária vistoria técnica antes do atendimento.
316,Buraco na rua,"Avenida Central, 579",São Lucas,-25.456734,-49.165626,2024-06-13,18:54,"Buraco identificado na via, oferecendo risco aos veículos.",/uploads/ocorrencia_316.jpg,Baixa,Secretaria de Obras,Equipe 01,7,Resolvida,2024-06-14,Buraco preenchido e via recapeada,2024-06-14,1,Ocorrência encaminhada para equipe responsável.
317,Placa danificada,"Avenida Central, 512",Centro,-25.506008,-49.354033,2025-07-17,11:04,Placa de sinalização danificada ou ilegível.,/uploads/ocorrencia_317.jpg,Média,Secretaria de Trânsito,Equipe 02,7,Resolvida,2025-07-19,Placa substituída,2025-07-21,4,Problema solucionado após intervenção da equipe.
318,Lixo acumulado,"Rua das Palmeiras, 104",São Lucas,-25.506311,-49.211836,2024-08-06,21:21,Acúmulo de resíduos em área pública.,/uploads/ocorrencia_318.jpg,Baixa,Secretaria de Limpeza,Equipe 09,7,Resolvida,2024-08-07,Resíduos recolhidos e área limpa,2024-08-09,3,Necessária vistoria técnica antes do atendimento.
319,Semáforo com defeito,"Avenida Brasil, 694",Centro,-25.41349,-49.319766,2024-09-03,20:39,Semáforo apresenta falha no funcionamento.,/uploads/ocorrencia_319.jpg,Baixa,Secretaria de Trânsito,Equipe 15,10,Resolvida,2024-09-03,Semáforo reparado,2024-09-07,4,Atendimento realizado dentro do prazo.
320,Árvore caída,"Avenida Central, 35",Jardim das Flores,-25.54123,-49.17543,2026-04-21,11:32,Árvore caída ocupando parte da via ou calçada.,/uploads/ocorrencia_320.jpg,Alta,Secretaria de Meio Ambiente,Equipe 04,3,Resolvida,2026-04-22,Árvore removida e área liberada,2026-04-23,2,Serviço concluído e área liberada.
321,Semáforo com defeito,"Avenida Brasil, 181",Bairro Novo,-25.415933,-49.206604,2026-03-02,17:34,Semáforo apresenta falha no funcionamento.,/uploads/ocorrencia_321.jpg,Alta,Secretaria de Trânsito,Equipe 14,1,Resolvida,2026-03-02,Semáforo reparado,2026-03-03,1,Necessária vistoria técnica antes do atendimento.
322,Iluminação pública,"Rua das Palmeiras, 672",Vila Esperança,-25.406626,-49.390528,2024-03-14,23:43,Poste com iluminação defeituosa ou apagada.,/uploads/ocorrencia_322.jpg,Alta,Secretaria de Serviços Públicos,Equipe 02,1,Resolvida,2024-03-15,Lâmpada e componentes elétricos substituídos,2024-03-15,1,Atendimento realizado dentro do prazo.
323,Lixo acumulado,"Avenida Brasil, 598",Jardim das Flores,-25.486719,-49.302625,2024-09-21,13:24,Acúmulo de resíduos em área pública.,/uploads/ocorrencia_323.jpg,Alta,Secretaria de Limpeza,Equipe 02,2,Resolvida,2024-09-22,Resíduos recolhidos e área limpa,2024-09-23,2,Problema solucionado após intervenção da equipe.
324,Buraco na rua,"Rua das Flores, 727",Bairro Novo,-25.532699,-49.208681,2025-01-01,16:06,"Buraco identificado na via, oferecendo risco aos veículos.",/uploads/ocorrencia_324.jpg,Alta,Secretaria de Obras,Equipe 08,2,Resolvida,2025-01-03,Buraco preenchido e via recapeada,2025-01-03,2,Necessária vistoria técnica antes do atendimento.
325,Árvore caída,"Avenida Curitiba, 170",Centro,-25.521185,-49.230678,2024-05-19,23:25,Árvore caída ocupando parte da via ou calçada.,/uploads/ocorrencia_325.jpg,Média,Secretaria de Meio Ambiente,Equipe 15,7,Resolvida,2024-05-21,Árvore removida e área liberada,2024-05-23,4,Serviço concluído e área liberada.
326,Buraco na rua,"Avenida Brasil, 52",Jardim América,-25.507989,-49.214642,2025-09-02,12:34,"Buraco identificado na via, oferecendo risco aos veículos.",/uploads/ocorrencia_326.jpg,Baixa,Secretaria de Obras,Equipe 12,10,Resolvida,2025-09-03,Buraco preenchido e via recapeada,2025-09-04,2,Serviço concluído e área liberada.
327,Calçada quebrada,"Rua XV de Novembro, 174",São Lucas,-25.390068,-49.186937,2025-09-23,08:12,"Trecho da calçada danificado, dificultando a passagem.",/uploads/ocorrencia_327.jpg,Baixa,Secretaria de Obras,Equipe 14,5,Resolvida,2025-09-25,Calçada reparada,2025-09-25,2,Problema solucionado após intervenção da equipe.
328,Vazamento de água,"Avenida Central, 697",Bairro Novo,-25.478572,-49.232176,2024-04-10,06:46,Vazamento de água identificado na via pública.,/uploads/ocorrencia_328.jpg,Baixa,Serviço de Abastecimento de Água,Equipe 04,10,Resolvida,2024-04-11,Vazamento reparado,2024-04-18,8,Atendimento realizado dentro do prazo.
329,Alagamento,"Rua Paraná, 335",Bairro Novo,-25.436628,-49.198075,2024-12-02,19:42,Ponto da via apresenta acúmulo de água após chuva.,/uploads/ocorrencia_329.jpg,Média,Secretaria de Obras,Equipe 07,5,Resolvida,2024-12-04,Drenagem desobstruída e reparada,2024-12-05,3,Ocorrência encaminhada para equipe responsável.
330,Buraco na rua,"Rua Paraná, 814",Boa Vista,-25.523139,-49.216757,2026-01-27,20:27,"Buraco identificado na via, oferecendo risco aos veículos.",/uploads/ocorrencia_330.jpg,Baixa,Secretaria de Obras,Equipe 15,7,Resolvida,2026-01-28,Buraco preenchido e via recapeada,2026-02-03,7,Necessária vistoria técnica antes do atendimento.
331,Vazamento de água,"Rua São José, 803",Vila Nova,-25.381641,-49.185322,2025-07-18,03:11,Vazamento de água identificado na via pública.,/uploads/ocorrencia_331.jpg,Baixa,Serviço de Abastecimento de Água,Equipe 03,10,Resolvida,2025-07-18,Vazamento reparado,2025-07-28,10,Problema solucionado após intervenção da equipe.
332,Calçada quebrada,"Avenida Brasil, 754",Jardim das Flores,-25.468973,-49.252491,2024-01-20,16:40,"Trecho da calçada danificado, dificultando a passagem.",/uploads/ocorrencia_332.jpg,Baixa,Secretaria de Obras,Equipe 15,5,Resolvida,2024-01-22,Calçada reparada,2024-01-25,5,Atendimento realizado dentro do prazo.
333,Semáforo com defeito,"Avenida Curitiba, 679",Jardim das Flores,-25.523224,-49.274719,2025-01-09,12:14,Semáforo apresenta falha no funcionamento.,/uploads/ocorrencia_333.jpg,Média,Secretaria de Trânsito,Equipe 02,7,Resolvida,2025-01-10,Semáforo reparado,2025-01-16,7,Necessária vistoria técnica antes do atendimento.
334,Placa danificada,"Rua Paraná, 878",Centro,-25.518156,-49.258411,2025-09-20,21:10,Placa de sinalização danificada ou ilegível.,/uploads/ocorrencia_334.jpg,Alta,Secretaria de Trânsito,Equipe 10,3,Resolvida,2025-09-21,Placa substituída,2025-09-21,1,Ocorrência encaminhada para equipe responsável.
335,Vazamento de água,"Rua das Flores, 234",Boa Vista,-25.416283,-49.270529,2024-08-25,02:16,Vazamento de água identificado na via pública.,/uploads/ocorrencia_335.jpg,Média,Serviço de Abastecimento de Água,Equipe 13,5,Resolvida,2024-08-25,Vazamento reparado,2024-08-28,3,Serviço concluído e área liberada.
336,Árvore caída,"Avenida Curitiba, 912",Vila Nova,-25.384071,-49.191282,2025-10-26,10:06,Árvore caída ocupando parte da via ou calçada.,/uploads/ocorrencia_336.jpg,Baixa,Secretaria de Meio Ambiente,Equipe 05,10,Resolvida,2025-10-28,Árvore removida e área liberada,2025-11-04,9,Problema solucionado após intervenção da equipe.
337,Semáforo com defeito,"Rua das Palmeiras, 679",Jardim América,-25.355465,-49.344275,2025-08-24,20:57,Semáforo apresenta falha no funcionamento.,/uploads/ocorrencia_337.jpg,Média,Secretaria de Trânsito,Equipe 07,3,Resolvida,2025-08-25,Semáforo reparado,2025-08-27,3,Serviço concluído e área liberada.
338,Placa danificada,"Avenida Curitiba, 918",Vila Nova,-25.447092,-49.329798,2025-05-28,04:28,Placa de sinalização danificada ou ilegível.,/uploads/ocorrencia_338.jpg,Média,Secretaria de Trânsito,Equipe 03,3,Resolvida,2025-05-28,Placa substituída,2025-05-30,2,Ocorrência encaminhada para equipe responsável.
339,Lixo acumulado,"Avenida Brasil, 686",Boa Vista,-25.454237,-49.347324,2026-04-10,10:46,Acúmulo de resíduos em área pública.,/uploads/ocorrencia_339.jpg,Baixa,Secretaria de Limpeza,Equipe 03,5,Resolvida,2026-04-12,Resíduos recolhidos e área limpa,2026-04-14,4,Necessária vistoria técnica antes do atendimento.
340,Buraco na rua,"Rua das Flores, 140",Vila Esperança,-25.520627,-49.358415,2024-06-13,04:40,"Buraco identificado na via, oferecendo risco aos veículos.",/uploads/ocorrencia_340.jpg,Média,Secretaria de Obras,Equipe 15,7,Resolvida,2024-06-15,Buraco preenchido e via recapeada,2024-06-15,2,Ocorrência encaminhada para equipe responsável.
341,Semáforo com defeito,"Rua das Flores, 909",São Lucas,-25.351445,-49.183174,2025-11-08,09:05,Semáforo apresenta falha no funcionamento.,/uploads/ocorrencia_341.jpg,Média,Secretaria de Trânsito,Equipe 03,3,Resolvida,2025-11-10,Semáforo reparado,2025-11-11,3,Ocorrência encaminhada para equipe responsável.
342,Árvore caída,"Rua XV de Novembro, 648",Jardim América,-25.430693,-49.382789,2024-09-27,05:46,Árvore caída ocupando parte da via ou calçada.,/uploads/ocorrencia_342.jpg,Média,Secretaria de Meio Ambiente,Equipe 07,7,Resolvida,2024-09-28,Árvore removida e área liberada,2024-10-01,4,Necessária vistoria técnica antes do atendimento.
343,Lixo acumulado,"Rua das Flores, 217",Bairro Novo,-25.454826,-49.246313,2025-05-31,21:26,Acúmulo de resíduos em área pública.,/uploads/ocorrencia_343.jpg,Média,Secretaria de Limpeza,Equipe 01,3,Resolvida,2025-05-31,Resíduos recolhidos e área limpa,2025-06-02,2,Problema solucionado após intervenção da equipe.
344,Semáforo com defeito,"Avenida Brasil, 503",Bairro Novo,-25.465863,-49.181294,2025-09-09,17:52,Semáforo apresenta falha no funcionamento.,/uploads/ocorrencia_344.jpg,Média,Secretaria de Trânsito,Equipe 12,3,Resolvida,2025-09-11,Semáforo reparado,2025-09-12,3,Problema solucionado após intervenção da equipe.
345,Árvore caída,"Avenida Curitiba, 818",Vila Esperança,-25.530457,-49.366529,2024-12-24,18:51,Árvore caída ocupando parte da via ou calçada.,/uploads/ocorrencia_345.jpg,Média,Secretaria de Meio Ambiente,Equipe 08,7,Resolvida,2024-12-26,Árvore removida e área liberada,2024-12-31,7,Ocorrência encaminhada para equipe responsável.
346,Iluminação pública,"Rua das Palmeiras, 273",Jardim das Flores,-25.526434,-49.398201,2025-12-27,23:50,Poste com iluminação defeituosa ou apagada.,/uploads/ocorrencia_346.jpg,Baixa,Secretaria de Serviços Públicos,Equipe 11,5,Resolvida,2025-12-29,Lâmpada e componentes elétricos substituídos,2026-01-01,5,Ocorrência encaminhada para equipe responsável.
347,Placa danificada,"Rua São José, 119",São Lucas,-25.465288,-49.308589,2025-10-29,18:16,Placa de sinalização danificada ou ilegível.,/uploads/ocorrencia_347.jpg,Baixa,Secretaria de Trânsito,Equipe 05,7,Resolvida,2025-10-31,Placa substituída,2025-11-05,7,Necessária vistoria técnica antes do atendimento.
348,Calçada quebrada,"Avenida Curitiba, 193",São Lucas,-25.470374,-49.365483,2025-07-22,15:16,"Trecho da calçada danificado, dificultando a passagem.",/uploads/ocorrencia_348.jpg,Média,Secretaria de Obras,Equipe 14,5,Resolvida,2025-07-24,Calçada reparada,2025-07-26,4,Atendimento realizado dentro do prazo.
349,Calçada quebrada,"Rua XV de Novembro, 112",Vila Nova,-25.413087,-49.386987,2025-02-14,10:51,"Trecho da calçada danificado, dificultando a passagem.",/uploads/ocorrencia_349.jpg,Baixa,Secretaria de Obras,Equipe 07,10,Resolvida,2025-02-16,Calçada reparada,2025-02-24,10,Atendimento realizado dentro do prazo.
350,Iluminação pública,"Avenida Curitiba, 958",Jardim América,-25.428194,-49.218876,2024-03-31,02:16,Poste com iluminação defeituosa ou apagada.,/uploads/ocorrencia_350.jpg,Média,Secretaria de Serviços Públicos,Equipe 15,3,Resolvida,2024-03-31,Lâmpada e componentes elétricos substituídos,2024-04-03,3,Necessária vistoria técnica antes do atendimento.
351,Semáforo com defeito,"Rua das Flores, 978",Jardim das Flores,-25.379886,-49.16731,2024-06-28,20:31,Semáforo apresenta falha no funcionamento.,/uploads/ocorrencia_351.jpg,Média,Secretaria de Trânsito,Equipe 09,5,Resolvida,2024-06-28,Semáforo reparado,2024-06-30,2,Serviço concluído e área liberada.
352,Calçada quebrada,"Rua Paraná, 639",Centro,-25.532631,-49.331016,2024-02-06,11:15,"Trecho da calçada danificado, dificultando a passagem.",/uploads/ocorrencia_352.jpg,Baixa,Secretaria de Obras,Equipe 07,10,Resolvida,2024-02-06,Calçada reparada,2024-02-07,1,Serviço concluído e área liberada.
353,Árvore caída,"Rua Paraná, 540",São Lucas,-25.404772,-49.260222,2025-12-21,02:58,Árvore caída ocupando parte da via ou calçada.,/uploads/ocorrencia_353.jpg,Baixa,Secretaria de Meio Ambiente,Equipe 10,5,Resolvida,2025-12-22,Árvore removida e área liberada,2025-12-26,5,Serviço concluído e área liberada.
354,Placa danificada,"Rua Paraná, 630",Jardim das Flores,-25.468573,-49.373384,2025-04-10,12:36,Placa de sinalização danificada ou ilegível.,/uploads/ocorrencia_354.jpg,Alta,Secretaria de Trânsito,Equipe 02,1,Resolvida,2025-04-10,Placa substituída,2025-04-11,1,Problema solucionado após intervenção da equipe.
355,Alagamento,"Avenida Brasil, 832",Boa Vista,-25.461446,-49.30573,2024-09-20,17:52,Ponto da via apresenta acúmulo de água após chuva.,/uploads/ocorrencia_355.jpg,Média,Secretaria de Obras,Equipe 08,7,Resolvida,2024-09-22,Drenagem desobstruída e reparada,2024-09-24,4,Ocorrência encaminhada para equipe responsável.
356,Placa danificada,"Avenida Curitiba, 928",Vila Nova,-25.423268,-49.15145,2024-01-29,15:07,Placa de sinalização danificada ou ilegível.,/uploads/ocorrencia_356.jpg,Média,Secretaria de Trânsito,Equipe 11,5,Resolvida,2024-01-30,Placa substituída,2024-01-31,2,Ocorrência encaminhada para equipe responsável.
357,Placa danificada,"Rua São José, 538",São Lucas,-25.41526,-49.194731,2025-12-18,08:15,Placa de sinalização danificada ou ilegível.,/uploads/ocorrencia_357.jpg,Média,Secretaria de Trânsito,Equipe 02,5,Resolvida,2025-12-19,Placa substituída,2025-12-20,2,Problema solucionado após intervenção da equipe.
358,Lixo acumulado,"Rua São José, 372",Vila Nova,-25.402578,-49.341285,2025-08-10,08:11,Acúmulo de resíduos em área pública.,/uploads/ocorrencia_358.jpg,Baixa,Secretaria de Limpeza,Equipe 04,10,Resolvida,2025-08-11,Resíduos recolhidos e área limpa,2025-08-14,4,Serviço concluído e área liberada.
359,Calçada quebrada,"Rua Paraná, 864",Vila Esperança,-25.414838,-49.234144,2025-09-25,11:09,"Trecho da calçada danificado, dificultando a passagem.",/uploads/ocorrencia_359.jpg,Baixa,Secretaria de Obras,Equipe 10,5,Resolvida,2025-09-25,Calçada reparada,2025-09-26,1,Atendimento realizado dentro do prazo.
360,Semáforo com defeito,"Avenida Curitiba, 390",Centro,-25.353121,-49.170998,2025-05-19,18:55,Semáforo apresenta falha no funcionamento.,/uploads/ocorrencia_360.jpg,Média,Secretaria de Trânsito,Equipe 05,5,Resolvida,2025-05-19,Semáforo reparado,2025-05-24,5,Necessária vistoria técnica antes do atendimento.
361,Calçada quebrada,"Rua das Flores, 548",Jardim América,-25.37792,-49.206024,2025-05-04,17:02,"Trecho da calçada danificado, dificultando a passagem.",/uploads/ocorrencia_361.jpg,Média,Secretaria de Obras,Equipe 08,7,Resolvida,2025-05-05,Calçada reparada,2025-05-08,4,Atendimento realizado dentro do prazo.
362,Semáforo com defeito,"Rua São José, 715",Vila Nova,-25.47768,-49.184539,2025-11-21,06:24,Semáforo apresenta falha no funcionamento.,/uploads/ocorrencia_362.jpg,Baixa,Secretaria de Trânsito,Equipe 03,10,Resolvida,2025-11-22,Semáforo reparado,2025-11-23,2,Problema solucionado após intervenção da equipe.
363,Alagamento,"Avenida Central, 492",Vila Esperança,-25.466181,-49.211951,2024-12-17,11:11,Ponto da via apresenta acúmulo de água após chuva.,/uploads/ocorrencia_363.jpg,Alta,Secretaria de Obras,Equipe 06,2,Resolvida,2024-12-17,Drenagem desobstruída e reparada,2024-12-19,2,Necessária vistoria técnica antes do atendimento.
364,Alagamento,"Rua XV de Novembro, 595",Vila Nova,-25.438932,-49.185923,2025-08-12,21:14,Ponto da via apresenta acúmulo de água após chuva.,/uploads/ocorrencia_364.jpg,Baixa,Secretaria de Obras,Equipe 04,5,Resolvida,2025-08-12,Drenagem desobstruída e reparada,2025-08-15,3,Ocorrência encaminhada para equipe responsável.
365,Lixo acumulado,"Rua das Flores, 190",Vila Nova,-25.392933,-49.324991,2024-05-17,20:33,Acúmulo de resíduos em área pública.,/uploads/ocorrencia_365.jpg,Média,Secretaria de Limpeza,Equipe 09,7,Resolvida,2024-05-18,Resíduos recolhidos e área limpa,2024-05-24,7,Problema solucionado após intervenção da equipe.
366,Buraco na rua,"Avenida Brasil, 717",São Lucas,-25.401081,-49.335058,2024-08-08,08:30,"Buraco identificado na via, oferecendo risco aos veículos.",/uploads/ocorrencia_366.jpg,Baixa,Secretaria de Obras,Equipe 06,10,Resolvida,2024-08-09,Buraco preenchido e via recapeada,2024-08-10,2,Problema solucionado após intervenção da equipe.
367,Semáforo com defeito,"Rua São José, 30",Jardim das Flores,-25.478978,-49.231702,2024-12-25,21:38,Semáforo apresenta falha no funcionamento.,/uploads/ocorrencia_367.jpg,Média,Secretaria de Trânsito,Equipe 08,3,Resolvida,2024-12-26,Semáforo reparado,2024-12-27,2,Necessária vistoria técnica antes do atendimento.
368,Iluminação pública,"Avenida Central, 484",São Lucas,-25.427538,-49.298807,2024-05-28,05:40,Poste com iluminação defeituosa ou apagada.,/uploads/ocorrencia_368.jpg,Média,Secretaria de Serviços Públicos,Equipe 15,5,Resolvida,2024-05-30,Lâmpada e componentes elétricos substituídos,2024-06-02,5,Atendimento realizado dentro do prazo.
369,Iluminação pública,"Rua São José, 243",Jardim América,-25.470909,-49.178077,2025-10-30,09:45,Poste com iluminação defeituosa ou apagada.,/uploads/ocorrencia_369.jpg,Baixa,Secretaria de Serviços Públicos,Equipe 13,7,Resolvida,2025-11-01,Lâmpada e componentes elétricos substituídos,2025-11-04,5,Serviço concluído e área liberada.
370,Semáforo com defeito,"Rua das Palmeiras, 181",Vila Nova,-25.409861,-49.379984,2024-01-24,04:46,Semáforo apresenta falha no funcionamento.,/uploads/ocorrencia_370.jpg,Baixa,Secretaria de Trânsito,Equipe 03,5,Resolvida,2024-01-26,Semáforo reparado,2024-01-27,3,Necessária vistoria técnica antes do atendimento.
371,Iluminação pública,"Avenida Brasil, 969",Bairro Novo,-25.49751,-49.361181,2025-07-15,01:01,Poste com iluminação defeituosa ou apagada.,/uploads/ocorrencia_371.jpg,Alta,Secretaria de Serviços Públicos,Equipe 11,2,Resolvida,2025-07-15,Lâmpada e componentes elétricos substituídos,2025-07-16,1,Necessária vistoria técnica antes do atendimento.
372,Alagamento,"Rua Paraná, 765",Vila Esperança,-25.542969,-49.31079,2025-10-03,04:08,Ponto da via apresenta acúmulo de água após chuva.,/uploads/ocorrencia_372.jpg,Baixa,Secretaria de Obras,Equipe 15,10,Resolvida,2025-10-03,Drenagem desobstruída e reparada,2025-10-06,3,Serviço concluído e área liberada.
373,Vazamento de água,"Avenida Central, 571",Vila Nova,-25.42379,-49.241037,2025-12-15,17:11,Vazamento de água identificado na via pública.,/uploads/ocorrencia_373.jpg,Média,Serviço de Abastecimento de Água,Equipe 10,7,Resolvida,2025-12-16,Vazamento reparado,2025-12-21,6,Necessária vistoria técnica antes do atendimento.
374,Semáforo com defeito,"Rua São José, 503",Jardim das Flores,-25.498039,-49.324107,2026-04-04,02:28,Semáforo apresenta falha no funcionamento.,/uploads/ocorrencia_374.jpg,Média,Secretaria de Trânsito,Equipe 01,5,Resolvida,2026-04-05,Semáforo reparado,2026-04-08,4,Problema solucionado após intervenção da equipe.
375,Lixo acumulado,"Avenida Central, 490",Boa Vista,-25.396826,-49.200509,2025-12-05,15:48,Acúmulo de resíduos em área pública.,/uploads/ocorrencia_375.jpg,Média,Secretaria de Limpeza,Equipe 10,5,Resolvida,2025-12-05,Resíduos recolhidos e área limpa,2025-12-09,4,Ocorrência encaminhada para equipe responsável.
376,Buraco na rua,"Rua Paraná, 431",Boa Vista,-25.505882,-49.380198,2025-03-23,12:15,"Buraco identificado na via, oferecendo risco aos veículos.",/uploads/ocorrencia_376.jpg,Alta,Secretaria de Obras,Equipe 11,1,Resolvida,2025-03-24,Buraco preenchido e via recapeada,2025-03-24,1,Ocorrência encaminhada para equipe responsável.
377,Semáforo com defeito,"Avenida Central, 674",Jardim das Flores,-25.522675,-49.372411,2026-04-08,08:26,Semáforo apresenta falha no funcionamento.,/uploads/ocorrencia_377.jpg,Média,Secretaria de Trânsito,Equipe 08,3,Resolvida,2026-04-08,Semáforo reparado,2026-04-10,2,Problema solucionado após intervenção da equipe.
378,Vazamento de água,"Avenida Curitiba, 202",Jardim das Flores,-25.493577,-49.36874,2024-06-04,01:34,Vazamento de água identificado na via pública.,/uploads/ocorrencia_378.jpg,Baixa,Serviço de Abastecimento de Água,Equipe 08,5,Resolvida,2024-06-04,Vazamento reparado,2024-06-06,2,Atendimento realizado dentro do prazo.
379,Calçada quebrada,"Rua XV de Novembro, 25",Bairro Novo,-25.410613,-49.392066,2024-12-16,13:19,"Trecho da calçada danificado, dificultando a passagem.",/uploads/ocorrencia_379.jpg,Média,Secretaria de Obras,Equipe 02,5,Resolvida,2024-12-17,Calçada reparada,2024-12-20,4,Ocorrência encaminhada para equipe responsável.
380,Buraco na rua,"Rua das Palmeiras, 83",Jardim das Flores,-25.525608,-49.207964,2024-07-04,06:57,"Buraco identificado na via, oferecendo risco aos veículos.",/uploads/ocorrencia_380.jpg,Média,Secretaria de Obras,Equipe 04,5,Resolvida,2024-07-04,Buraco preenchido e via recapeada,2024-07-09,5,Necessária vistoria técnica antes do atendimento.
381,Vazamento de água,"Rua das Flores, 213",Vila Esperança,-25.472175,-49.159697,2026-02-28,03:33,Vazamento de água identificado na via pública.,/uploads/ocorrencia_381.jpg,Média,Serviço de Abastecimento de Água,Equipe 15,7,Resolvida,2026-03-01,Vazamento reparado,2026-03-03,3,Serviço concluído e área liberada.
382,Lixo acumulado,"Avenida Brasil, 269",Centro,-25.502807,-49.29146,2024-11-01,06:23,Acúmulo de resíduos em área pública.,/uploads/ocorrencia_382.jpg,Média,Secretaria de Limpeza,Equipe 01,3,Resolvida,2024-11-01,Resíduos recolhidos e área limpa,2024-11-03,2,Ocorrência encaminhada para equipe responsável.
383,Alagamento,"Rua das Palmeiras, 818",Bairro Novo,-25.430758,-49.30715,2024-02-13,18:50,Ponto da via apresenta acúmulo de água após chuva.,/uploads/ocorrencia_383.jpg,Baixa,Secretaria de Obras,Equipe 02,10,Resolvida,2024-02-15,Drenagem desobstruída e reparada,2024-02-21,8,Ocorrência encaminhada para equipe responsável.
384,Lixo acumulado,"Avenida Brasil, 712",Vila Nova,-25.519216,-49.265912,2026-02-16,20:03,Acúmulo de resíduos em área pública.,/uploads/ocorrencia_384.jpg,Média,Secretaria de Limpeza,Equipe 02,3,Resolvida,2026-02-18,Resíduos recolhidos e área limpa,2026-02-19,3,Ocorrência encaminhada para equipe responsável.
385,Vazamento de água,"Rua São José, 581",Vila Esperança,-25.41215,-49.310458,2026-02-13,11:51,Vazamento de água identificado na via pública.,/uploads/ocorrencia_385.jpg,Média,Serviço de Abastecimento de Água,Equipe 03,5,Resolvida,2026-02-13,Vazamento reparado,2026-02-16,3,Serviço concluído e área liberada.
386,Buraco na rua,"Avenida Curitiba, 582",Vila Nova,-25.480467,-49.216899,2025-12-14,15:12,"Buraco identificado na via, oferecendo risco aos veículos.",/uploads/ocorrencia_386.jpg,Baixa,Secretaria de Obras,Equipe 05,10,Resolvida,2025-12-16,Buraco preenchido e via recapeada,2025-12-17,3,Problema solucionado após intervenção da equipe.
387,Semáforo com defeito,"Avenida Brasil, 553",Jardim América,-25.394816,-49.273511,2024-10-29,08:34,Semáforo apresenta falha no funcionamento.,/uploads/ocorrencia_387.jpg,Baixa,Secretaria de Trânsito,Equipe 12,7,Resolvida,2024-10-29,Semáforo reparado,2024-11-02,4,Ocorrência encaminhada para equipe responsável.
388,Buraco na rua,"Rua Paraná, 338",Boa Vista,-25.413355,-49.208566,2025-11-05,17:52,"Buraco identificado na via, oferecendo risco aos veículos.",/uploads/ocorrencia_388.jpg,Média,Secretaria de Obras,Equipe 03,5,Resolvida,2025-11-07,Buraco preenchido e via recapeada,2025-11-08,3,Problema solucionado após intervenção da equipe.
389,Alagamento,"Rua das Palmeiras, 666",Boa Vista,-25.514272,-49.392182,2024-04-08,16:42,Ponto da via apresenta acúmulo de água após chuva.,/uploads/ocorrencia_389.jpg,Baixa,Secretaria de Obras,Equipe 02,5,Resolvida,2024-04-08,Drenagem desobstruída e reparada,2024-04-09,1,Necessária vistoria técnica antes do atendimento.
390,Calçada quebrada,"Rua das Flores, 594",Bairro Novo,-25.43194,-49.387729,2025-02-01,21:31,"Trecho da calçada danificado, dificultando a passagem.",/uploads/ocorrencia_390.jpg,Média,Secretaria de Obras,Equipe 04,7,Resolvida,2025-02-03,Calçada reparada,2025-02-07,6,Problema solucionado após intervenção da equipe.
391,Iluminação pública,"Rua Paraná, 681",Centro,-25.438396,-49.165439,2026-05-02,02:29,Poste com iluminação defeituosa ou apagada.,/uploads/ocorrencia_391.jpg,Média,Secretaria de Serviços Públicos,Equipe 07,7,Resolvida,2026-05-03,Lâmpada e componentes elétricos substituídos,2026-05-04,2,Serviço concluído e área liberada.
392,Buraco na rua,"Rua das Flores, 761",Jardim das Flores,-25.404966,-49.267085,2024-11-07,02:13,"Buraco identificado na via, oferecendo risco aos veículos.",/uploads/ocorrencia_392.jpg,Baixa,Secretaria de Obras,Equipe 04,10,Resolvida,2024-11-07,Buraco preenchido e via recapeada,2024-11-09,2,Ocorrência encaminhada para equipe responsável.
393,Semáforo com defeito,"Rua XV de Novembro, 581",Vila Esperança,-25.415101,-49.224362,2025-03-01,23:06,Semáforo apresenta falha no funcionamento.,/uploads/ocorrencia_393.jpg,Média,Secretaria de Trânsito,Equipe 07,7,Resolvida,2025-03-02,Semáforo reparado,2025-03-07,6,Atendimento realizado dentro do prazo.
394,Lixo acumulado,"Rua das Palmeiras, 526",Jardim América,-25.439984,-49.150787,2024-06-10,17:38,Acúmulo de resíduos em área pública.,/uploads/ocorrencia_394.jpg,Baixa,Secretaria de Limpeza,Equipe 14,7,Resolvida,2024-06-11,Resíduos recolhidos e área limpa,2024-06-13,3,Serviço concluído e área liberada.
395,Árvore caída,"Rua São José, 633",São Lucas,-25.35767,-49.288125,2025-07-12,06:24,Árvore caída ocupando parte da via ou calçada.,/uploads/ocorrencia_395.jpg,Baixa,Secretaria de Meio Ambiente,Equipe 07,10,Resolvida,2025-07-13,Árvore removida e área liberada,2025-07-17,5,Atendimento realizado dentro do prazo.
396,Buraco na rua,"Rua das Flores, 540",Jardim das Flores,-25.54566,-49.194515,2024-11-05,00:19,"Buraco identificado na via, oferecendo risco aos veículos.",/uploads/ocorrencia_396.jpg,Baixa,Secretaria de Obras,Equipe 12,5,Resolvida,2024-11-06,Buraco preenchido e via recapeada,2024-11-07,2,Serviço concluído e área liberada.
397,Semáforo com defeito,"Avenida Brasil, 48",Jardim América,-25.498751,-49.324924,2024-06-08,04:16,Semáforo apresenta falha no funcionamento.,/uploads/ocorrencia_397.jpg,Média,Secretaria de Trânsito,Equipe 10,5,Resolvida,2024-06-08,Semáforo reparado,2024-06-11,3,Necessária vistoria técnica antes do atendimento.
398,Calçada quebrada,"Rua São José, 821",Bairro Novo,-25.421549,-49.390657,2025-05-14,22:44,"Trecho da calçada danificado, dificultando a passagem.",/uploads/ocorrencia_398.jpg,Média,Secretaria de Obras,Equipe 13,7,Resolvida,2025-05-16,Calçada reparada,2025-05-16,2,Problema solucionado após intervenção da equipe.
399,Árvore caída,"Rua das Flores, 953",Bairro Novo,-25.419444,-49.249425,2024-12-22,13:26,Árvore caída ocupando parte da via ou calçada.,/uploads/ocorrencia_399.jpg,Média,Secretaria de Meio Ambiente,Equipe 01,3,Resolvida,2024-12-24,Árvore removida e área liberada,2024-12-24,2,Necessária vistoria técnica antes do atendimento.
400,Buraco na rua,"Rua das Flores, 336",Jardim das Flores,-25.539896,-49.217105,2024-06-02,10:32,"Buraco identificado na via, oferecendo risco aos veículos.",/uploads/ocorrencia_400.jpg,Média,Secretaria de Obras,Equipe 07,7,Resolvida,2024-06-02,Buraco preenchido e via recapeada,2024-06-05,3,Necessária vistoria técnica antes do atendimento.
401,Semáforo com defeito,"Rua Paraná, 452",Bairro Novo,-25.435712,-49.387672,2025-02-07,04:08,Semáforo apresenta falha no funcionamento.,/uploads/ocorrencia_401.jpg,Baixa,Secretaria de Trânsito,Equipe 07,7,Resolvida,2025-02-08,Semáforo reparado,2025-02-08,1,Serviço concluído e área liberada.
402,Iluminação pública,"Rua das Palmeiras, 802",São Lucas,-25.470936,-49.257167,2026-02-19,04:30,Poste com iluminação defeituosa ou apagada.,/uploads/ocorrencia_402.jpg,Média,Secretaria de Serviços Públicos,Equipe 09,7,Resolvida,2026-02-20,Lâmpada e componentes elétricos substituídos,2026-02-22,3,Problema solucionado após intervenção da equipe.
403,Semáforo com defeito,"Rua Paraná, 83",Vila Esperança,-25.41565,-49.294115,2025-03-16,10:43,Semáforo apresenta falha no funcionamento.,/uploads/ocorrencia_403.jpg,Baixa,Secretaria de Trânsito,Equipe 06,10,Resolvida,2025-03-16,Semáforo reparado,2025-03-18,2,Ocorrência encaminhada para equipe responsável.
404,Placa danificada,"Rua das Flores, 798",Boa Vista,-25.461907,-49.168947,2024-12-24,19:52,Placa de sinalização danificada ou ilegível.,/uploads/ocorrencia_404.jpg,Baixa,Secretaria de Trânsito,Equipe 04,7,Resolvida,2024-12-24,Placa substituída,2024-12-29,5,Ocorrência encaminhada para equipe responsável.
405,Placa danificada,"Avenida Brasil, 125",Jardim América,-25.481346,-49.19893,2024-09-05,19:59,Placa de sinalização danificada ou ilegível.,/uploads/ocorrencia_405.jpg,Média,Secretaria de Trânsito,Equipe 05,3,Resolvida,2024-09-05,Placa substituída,2024-09-08,3,Necessária vistoria técnica antes do atendimento.
406,Vazamento de água,"Rua São José, 224",Centro,-25.453395,-49.217519,2024-08-04,06:34,Vazamento de água identificado na via pública.,/uploads/ocorrencia_406.jpg,Média,Serviço de Abastecimento de Água,Equipe 03,7,Resolvida,2024-08-06,Vazamento reparado,2024-08-08,4,Atendimento realizado dentro do prazo.
407,Árvore caída,"Avenida Central, 184",Centro,-25.419048,-49.397916,2024-07-24,22:39,Árvore caída ocupando parte da via ou calçada.,/uploads/ocorrencia_407.jpg,Baixa,Secretaria de Meio Ambiente,Equipe 07,7,Resolvida,2024-07-25,Árvore removida e área liberada,2024-07-25,1,Serviço concluído e área liberada.
408,Placa danificada,"Rua das Flores, 309",Bairro Novo,-25.453068,-49.250723,2025-10-26,12:14,Placa de sinalização danificada ou ilegível.,/uploads/ocorrencia_408.jpg,Alta,Secretaria de Trânsito,Equipe 02,2,Resolvida,2025-10-27,Placa substituída,2025-10-27,1,Ocorrência encaminhada para equipe responsável.
409,Calçada quebrada,"Rua das Flores, 50",Vila Nova,-25.518599,-49.313305,2025-06-26,09:21,"Trecho da calçada danificado, dificultando a passagem.",/uploads/ocorrencia_409.jpg,Baixa,Secretaria de Obras,Equipe 06,7,Resolvida,2025-06-28,Calçada reparada,2025-06-30,4,Serviço concluído e área liberada.
410,Alagamento,"Avenida Central, 841",Vila Esperança,-25.504883,-49.314553,2024-09-20,12:56,Ponto da via apresenta acúmulo de água após chuva.,/uploads/ocorrencia_410.jpg,Baixa,Secretaria de Obras,Equipe 07,5,Resolvida,2024-09-21,Drenagem desobstruída e reparada,2024-09-25,5,Ocorrência encaminhada para equipe responsável.
411,Iluminação pública,"Rua Paraná, 437",São Lucas,-25.441553,-49.348311,2024-06-05,13:19,Poste com iluminação defeituosa ou apagada.,/uploads/ocorrencia_411.jpg,Baixa,Secretaria de Serviços Públicos,Equipe 03,10,Resolvida,2024-06-06,Lâmpada e componentes elétricos substituídos,2024-06-11,6,Problema solucionado após intervenção da equipe.
412,Semáforo com defeito,"Rua XV de Novembro, 326",Vila Esperança,-25.536437,-49.26676,2025-06-20,04:27,Semáforo apresenta falha no funcionamento.,/uploads/ocorrencia_412.jpg,Média,Secretaria de Trânsito,Equipe 12,3,Resolvida,2025-06-21,Semáforo reparado,2025-06-22,2,Atendimento realizado dentro do prazo.
413,Lixo acumulado,"Rua XV de Novembro, 754",Boa Vista,-25.363246,-49.176467,2024-11-22,13:26,Acúmulo de resíduos em área pública.,/uploads/ocorrencia_413.jpg,Baixa,Secretaria de Limpeza,Equipe 15,7,Resolvida,2024-11-24,Resíduos recolhidos e área limpa,2024-11-26,4,Serviço concluído e área liberada.
414,Lixo acumulado,"Avenida Brasil, 144",Vila Esperança,-25.427528,-49.25091,2026-02-19,19:39,Acúmulo de resíduos em área pública.,/uploads/ocorrencia_414.jpg,Baixa,Secretaria de Limpeza,Equipe 04,7,Resolvida,2026-02-21,Resíduos recolhidos e área limpa,2026-02-24,5,Atendimento realizado dentro do prazo.
415,Placa danificada,"Avenida Curitiba, 147",Bairro Novo,-25.379574,-49.277139,2025-09-11,15:45,Placa de sinalização danificada ou ilegível.,/uploads/ocorrencia_415.jpg,Média,Secretaria de Trânsito,Equipe 03,7,Resolvida,2025-09-11,Placa substituída,2025-09-15,4,Ocorrência encaminhada para equipe responsável.
416,Calçada quebrada,"Rua das Flores, 428",Vila Esperança,-25.536773,-49.168224,2024-01-16,08:26,"Trecho da calçada danificado, dificultando a passagem.",/uploads/ocorrencia_416.jpg,Média,Secretaria de Obras,Equipe 08,3,Resolvida,2024-01-16,Calçada reparada,2024-01-18,2,Problema solucionado após intervenção da equipe.
417,Vazamento de água,"Avenida Curitiba, 918",Boa Vista,-25.487421,-49.247124,2025-02-18,01:38,Vazamento de água identificado na via pública.,/uploads/ocorrencia_417.jpg,Baixa,Serviço de Abastecimento de Água,Equipe 12,10,Resolvida,2025-02-20,Vazamento reparado,2025-02-25,7,Problema solucionado após intervenção da equipe.
418,Semáforo com defeito,"Avenida Brasil, 472",Centro,-25.54215,-49.303151,2026-06-17,01:56,Semáforo apresenta falha no funcionamento.,/uploads/ocorrencia_418.jpg,Média,Secretaria de Trânsito,Equipe 13,3,Resolvida,2026-06-19,Semáforo reparado,2026-06-20,3,Atendimento realizado dentro do prazo.
419,Calçada quebrada,"Avenida Curitiba, 417",Jardim das Flores,-25.427373,-49.386363,2026-03-03,09:29,"Trecho da calçada danificado, dificultando a passagem.",/uploads/ocorrencia_419.jpg,Alta,Secretaria de Obras,Equipe 09,1,Resolvida,2026-03-04,Calçada reparada,2026-03-04,1,Ocorrência encaminhada para equipe responsável.
420,Vazamento de água,"Avenida Brasil, 749",Vila Nova,-25.471387,-49.319135,2024-07-03,18:57,Vazamento de água identificado na via pública.,/uploads/ocorrencia_420.jpg,Média,Serviço de Abastecimento de Água,Equipe 01,7,Resolvida,2024-07-03,Vazamento reparado,2024-07-09,6,Ocorrência encaminhada para equipe responsável.
421,Vazamento de água,"Avenida Curitiba, 102",Vila Esperança,-25.403348,-49.377202,2025-12-09,20:58,Vazamento de água identificado na via pública.,/uploads/ocorrencia_421.jpg,Baixa,Serviço de Abastecimento de Água,Equipe 12,10,Resolvida,2025-12-11,Vazamento reparado,2025-12-12,3,Necessária vistoria técnica antes do atendimento.
422,Placa danificada,"Rua das Palmeiras, 754",Bairro Novo,-25.396348,-49.171937,2025-06-07,19:10,Placa de sinalização danificada ou ilegível.,/uploads/ocorrencia_422.jpg,Média,Secretaria de Trânsito,Equipe 10,5,Resolvida,2025-06-07,Placa substituída,2025-06-12,5,Ocorrência encaminhada para equipe responsável.
423,Lixo acumulado,"Rua XV de Novembro, 797",Jardim América,-25.424709,-49.370612,2025-03-05,09:19,Acúmulo de resíduos em área pública.,/uploads/ocorrencia_423.jpg,Média,Secretaria de Limpeza,Equipe 03,7,Resolvida,2025-03-06,Resíduos recolhidos e área limpa,2025-03-10,5,Ocorrência encaminhada para equipe responsável.
424,Buraco na rua,"Rua das Flores, 479",Jardim das Flores,-25.506625,-49.235132,2025-05-25,17:51,"Buraco identificado na via, oferecendo risco aos veículos.",/uploads/ocorrencia_424.jpg,Média,Secretaria de Obras,Equipe 08,3,Resolvida,2025-05-25,Buraco preenchido e via recapeada,2025-05-28,3,Necessária vistoria técnica antes do atendimento.
425,Vazamento de água,"Rua das Flores, 260",Bairro Novo,-25.513032,-49.386234,2024-10-11,19:40,Vazamento de água identificado na via pública.,/uploads/ocorrencia_425.jpg,Alta,Serviço de Abastecimento de Água,Equipe 06,3,Resolvida,2024-10-11,Vazamento reparado,2024-10-12,1,Atendimento realizado dentro do prazo.
426,Lixo acumulado,"Avenida Central, 349",Centro,-25.493124,-49.234769,2024-02-20,03:26,Acúmulo de resíduos em área pública.,/uploads/ocorrencia_426.jpg,Alta,Secretaria de Limpeza,Equipe 12,1,Resolvida,2024-02-22,Resíduos recolhidos e área limpa,2024-02-21,1,Problema solucionado após intervenção da equipe.
427,Semáforo com defeito,"Avenida Curitiba, 777",Jardim América,-25.370494,-49.194934,2024-02-06,02:49,Semáforo apresenta falha no funcionamento.,/uploads/ocorrencia_427.jpg,Média,Secretaria de Trânsito,Equipe 13,5,Resolvida,2024-02-07,Semáforo reparado,2024-02-10,4,Necessária vistoria técnica antes do atendimento.
428,Semáforo com defeito,"Avenida Central, 492",Bairro Novo,-25.508031,-49.347737,2025-12-12,08:21,Semáforo apresenta falha no funcionamento.,/uploads/ocorrencia_428.jpg,Baixa,Secretaria de Trânsito,Equipe 01,10,Resolvida,2025-12-14,Semáforo reparado,2025-12-19,7,Atendimento realizado dentro do prazo.
429,Semáforo com defeito,"Avenida Curitiba, 751",Bairro Novo,-25.444922,-49.151244,2026-03-18,22:18,Semáforo apresenta falha no funcionamento.,/uploads/ocorrencia_429.jpg,Média,Secretaria de Trânsito,Equipe 06,5,Resolvida,2026-03-19,Semáforo reparado,2026-03-22,4,Ocorrência encaminhada para equipe responsável.
430,Vazamento de água,"Avenida Curitiba, 837",Vila Nova,-25.526359,-49.283779,2025-09-16,07:45,Vazamento de água identificado na via pública.,/uploads/ocorrencia_430.jpg,Baixa,Serviço de Abastecimento de Água,Equipe 13,7,Resolvida,2025-09-16,Vazamento reparado,2025-09-18,2,Atendimento realizado dentro do prazo.
431,Calçada quebrada,"Rua das Palmeiras, 56",São Lucas,-25.493675,-49.202451,2025-07-27,20:13,"Trecho da calçada danificado, dificultando a passagem.",/uploads/ocorrencia_431.jpg,Baixa,Secretaria de Obras,Equipe 05,5,Resolvida,2025-07-29,Calçada reparada,2025-07-29,2,Serviço concluído e área liberada.
432,Semáforo com defeito,"Rua das Flores, 126",Boa Vista,-25.383591,-49.351496,2024-12-15,12:46,Semáforo apresenta falha no funcionamento.,/uploads/ocorrencia_432.jpg,Média,Secretaria de Trânsito,Equipe 14,7,Resolvida,2024-12-15,Semáforo reparado,2024-12-21,6,Serviço concluído e área liberada.
433,Vazamento de água,"Rua das Flores, 671",Vila Nova,-25.393202,-49.296512,2024-06-08,20:29,Vazamento de água identificado na via pública.,/uploads/ocorrencia_433.jpg,Baixa,Serviço de Abastecimento de Água,Equipe 12,10,Resolvida,2024-06-09,Vazamento reparado,2024-06-14,6,Atendimento realizado dentro do prazo.
434,Semáforo com defeito,"Rua São José, 578",Jardim das Flores,-25.356077,-49.329885,2024-08-01,18:43,Semáforo apresenta falha no funcionamento.,/uploads/ocorrencia_434.jpg,Média,Secretaria de Trânsito,Equipe 01,5,Resolvida,2024-08-01,Semáforo reparado,2024-08-05,4,Serviço concluído e área liberada.
435,Árvore caída,"Rua das Palmeiras, 201",Jardim América,-25.467226,-49.275736,2026-06-04,09:45,Árvore caída ocupando parte da via ou calçada.,/uploads/ocorrencia_435.jpg,Média,Secretaria de Meio Ambiente,Equipe 04,5,Resolvida,2026-06-05,Árvore removida e área liberada,2026-06-06,2,Serviço concluído e área liberada.
436,Vazamento de água,"Rua Paraná, 547",Jardim das Flores,-25.461245,-49.393766,2024-04-24,11:50,Vazamento de água identificado na via pública.,/uploads/ocorrencia_436.jpg,Baixa,Serviço de Abastecimento de Água,Equipe 08,5,Resolvida,2024-04-24,Vazamento reparado,2024-04-26,2,Problema solucionado após intervenção da equipe.
437,Lixo acumulado,"Rua São José, 955",Vila Esperança,-25.385572,-49.165494,2026-06-13,16:19,Acúmulo de resíduos em área pública.,/uploads/ocorrencia_437.jpg,Média,Secretaria de Limpeza,Equipe 11,5,Resolvida,2026-06-13,Resíduos recolhidos e área limpa,2026-06-16,3,Ocorrência encaminhada para equipe responsável.
438,Calçada quebrada,"Avenida Curitiba, 406",Centro,-25.380375,-49.182031,2025-06-18,03:00,"Trecho da calçada danificado, dificultando a passagem.",/uploads/ocorrencia_438.jpg,Média,Secretaria de Obras,Equipe 06,5,Resolvida,2025-06-20,Calçada reparada,2025-06-20,2,Necessária vistoria técnica antes do atendimento.
439,Buraco na rua,"Avenida Central, 33",Bairro Novo,-25.511491,-49.330838,2024-11-15,20:57,"Buraco identificado na via, oferecendo risco aos veículos.",/uploads/ocorrencia_439.jpg,Média,Secretaria de Obras,Equipe 06,3,Resolvida,2024-11-15,Buraco preenchido e via recapeada,2024-11-18,3,Necessária vistoria técnica antes do atendimento.
440,Iluminação pública,"Rua XV de Novembro, 171",Jardim das Flores,-25.441494,-49.262659,2024-01-16,19:35,Poste com iluminação defeituosa ou apagada.,/uploads/ocorrencia_440.jpg,Baixa,Secretaria de Serviços Públicos,Equipe 05,10,Resolvida,2024-01-16,Lâmpada e componentes elétricos substituídos,2024-01-18,2,Ocorrência encaminhada para equipe responsável.
441,Alagamento,"Rua XV de Novembro, 82",Vila Esperança,-25.455853,-49.231126,2024-12-12,17:28,Ponto da via apresenta acúmulo de água após chuva.,/uploads/ocorrencia_441.jpg,Baixa,Secretaria de Obras,Equipe 02,5,Resolvida,2024-12-12,Drenagem desobstruída e reparada,2024-12-14,2,Necessária vistoria técnica antes do atendimento.
442,Buraco na rua,"Rua das Palmeiras, 411",Bairro Novo,-25.478875,-49.316917,2025-09-02,18:40,"Buraco identificado na via, oferecendo risco aos veículos.",/uploads/ocorrencia_442.jpg,Baixa,Secretaria de Obras,Equipe 04,10,Resolvida,2025-09-04,Buraco preenchido e via recapeada,2025-09-10,8,Problema solucionado após intervenção da equipe.
443,Iluminação pública,"Rua XV de Novembro, 105",Vila Nova,-25.421116,-49.208377,2025-12-16,14:06,Poste com iluminação defeituosa ou apagada.,/uploads/ocorrencia_443.jpg,Alta,Secretaria de Serviços Públicos,Equipe 08,2,Resolvida,2025-12-18,Lâmpada e componentes elétricos substituídos,2025-12-18,2,Ocorrência encaminhada para equipe responsável.
444,Calçada quebrada,"Avenida Central, 944",Jardim América,-25.459343,-49.392434,2024-07-06,22:58,"Trecho da calçada danificado, dificultando a passagem.",/uploads/ocorrencia_444.jpg,Média,Secretaria de Obras,Equipe 08,7,Resolvida,2024-07-07,Calçada reparada,2024-07-10,4,Atendimento realizado dentro do prazo.
445,Placa danificada,"Avenida Curitiba, 876",Vila Nova,-25.529414,-49.195612,2026-02-25,11:38,Placa de sinalização danificada ou ilegível.,/uploads/ocorrencia_445.jpg,Baixa,Secretaria de Trânsito,Equipe 13,10,Resolvida,2026-02-27,Placa substituída,2026-02-28,3,Atendimento realizado dentro do prazo.
446,Placa danificada,"Avenida Central, 555",Bairro Novo,-25.518196,-49.279406,2025-08-27,13:15,Placa de sinalização danificada ou ilegível.,/uploads/ocorrencia_446.jpg,Média,Secretaria de Trânsito,Equipe 02,7,Resolvida,2025-08-29,Placa substituída,2025-08-30,3,Serviço concluído e área liberada.
447,Calçada quebrada,"Rua das Palmeiras, 590",São Lucas,-25.363827,-49.256453,2025-07-11,22:15,"Trecho da calçada danificado, dificultando a passagem.",/uploads/ocorrencia_447.jpg,Média,Secretaria de Obras,Equipe 08,3,Resolvida,2025-07-13,Calçada reparada,2025-07-13,2,Atendimento realizado dentro do prazo.
448,Vazamento de água,"Avenida Brasil, 851",Boa Vista,-25.387187,-49.207164,2024-11-11,12:04,Vazamento de água identificado na via pública.,/uploads/ocorrencia_448.jpg,Média,Serviço de Abastecimento de Água,Equipe 07,7,Resolvida,2024-11-13,Vazamento reparado,2024-11-13,2,Serviço concluído e área liberada.
449,Vazamento de água,"Avenida Brasil, 232",Centro,-25.520157,-49.267186,2025-08-17,20:51,Vazamento de água identificado na via pública.,/uploads/ocorrencia_449.jpg,Alta,Serviço de Abastecimento de Água,Equipe 07,1,Resolvida,2025-08-19,Vazamento reparado,2025-08-18,1,Problema solucionado após intervenção da equipe.
450,Vazamento de água,"Rua Paraná, 707",Vila Esperança,-25.406442,-49.171221,2024-11-02,18:50,Vazamento de água identificado na via pública.,/uploads/ocorrencia_450.jpg,Alta,Serviço de Abastecimento de Água,Equipe 02,3,Resolvida,2024-11-03,Vazamento reparado,2024-11-04,2,Problema solucionado após intervenção da equipe.
451,Buraco na rua,"Rua XV de Novembro, 882",São Lucas,-25.52806,-49.329448,2025-01-13,17:03,"Buraco identificado na via, oferecendo risco aos veículos.",/uploads/ocorrencia_451.jpg,Baixa,Secretaria de Obras,Equipe 01,5,Resolvida,2025-01-14,Buraco preenchido e via recapeada,2025-01-18,5,Ocorrência encaminhada para equipe responsável.
452,Árvore caída,"Rua São José, 738",São Lucas,-25.522186,-49.261145,2025-01-25,13:34,Árvore caída ocupando parte da via ou calçada.,/uploads/ocorrencia_452.jpg,Média,Secretaria de Meio Ambiente,Equipe 14,3,Resolvida,2025-01-26,Árvore removida e área liberada,2025-01-27,2,Serviço concluído e área liberada.
453,Árvore caída,"Avenida Central, 903",Jardim América,-25.405732,-49.278325,2024-05-17,00:04,Árvore caída ocupando parte da via ou calçada.,/uploads/ocorrencia_453.jpg,Média,Secretaria de Meio Ambiente,Equipe 07,7,Resolvida,2024-05-17,Árvore removida e área liberada,2024-05-19,2,Ocorrência encaminhada para equipe responsável.
454,Iluminação pública,"Rua das Palmeiras, 890",Jardim América,-25.448117,-49.261987,2026-03-18,22:38,Poste com iluminação defeituosa ou apagada.,/uploads/ocorrencia_454.jpg,Média,Secretaria de Serviços Públicos,Equipe 08,5,Resolvida,2026-03-19,Lâmpada e componentes elétricos substituídos,2026-03-21,3,Necessária vistoria técnica antes do atendimento.
455,Placa danificada,"Rua XV de Novembro, 444",Vila Esperança,-25.449654,-49.297291,2025-08-14,15:54,Placa de sinalização danificada ou ilegível.,/uploads/ocorrencia_455.jpg,Média,Secretaria de Trânsito,Equipe 09,7,Resolvida,2025-08-16,Placa substituída,2025-08-17,3,Problema solucionado após intervenção da equipe.
456,Placa danificada,"Rua das Flores, 591",Centro,-25.403963,-49.268398,2025-01-12,03:37,Placa de sinalização danificada ou ilegível.,/uploads/ocorrencia_456.jpg,Média,Secretaria de Trânsito,Equipe 14,5,Resolvida,2025-01-12,Placa substituída,2025-01-14,2,Serviço concluído e área liberada.
457,Vazamento de água,"Avenida Brasil, 261",Bairro Novo,-25.539445,-49.314113,2026-01-29,21:42,Vazamento de água identificado na via pública.,/uploads/ocorrencia_457.jpg,Média,Serviço de Abastecimento de Água,Equipe 13,3,Resolvida,2026-01-31,Vazamento reparado,2026-02-01,3,Atendimento realizado dentro do prazo.
458,Vazamento de água,"Avenida Curitiba, 597",Vila Nova,-25.542935,-49.169284,2025-03-07,11:51,Vazamento de água identificado na via pública.,/uploads/ocorrencia_458.jpg,Média,Serviço de Abastecimento de Água,Equipe 12,5,Resolvida,2025-03-07,Vazamento reparado,2025-03-11,4,Serviço concluído e área liberada.
459,Alagamento,"Avenida Curitiba, 602",Centro,-25.492637,-49.379372,2024-02-22,21:18,Ponto da via apresenta acúmulo de água após chuva.,/uploads/ocorrencia_459.jpg,Baixa,Secretaria de Obras,Equipe 09,10,Resolvida,2024-02-22,Drenagem desobstruída e reparada,2024-03-03,10,Atendimento realizado dentro do prazo.
460,Alagamento,"Rua XV de Novembro, 640",Jardim das Flores,-25.515077,-49.252057,2026-05-28,08:00,Ponto da via apresenta acúmulo de água após chuva.,/uploads/ocorrencia_460.jpg,Baixa,Secretaria de Obras,Equipe 03,10,Resolvida,2026-05-30,Drenagem desobstruída e reparada,2026-05-30,2,Necessária vistoria técnica antes do atendimento.
461,Placa danificada,"Avenida Central, 811",Jardim América,-25.353186,-49.158164,2025-05-11,05:51,Placa de sinalização danificada ou ilegível.,/uploads/ocorrencia_461.jpg,Média,Secretaria de Trânsito,Equipe 10,7,Resolvida,2025-05-12,Placa substituída,2025-05-13,2,Ocorrência encaminhada para equipe responsável.
462,Vazamento de água,"Rua das Palmeiras, 253",São Lucas,-25.421548,-49.211129,2026-01-13,20:10,Vazamento de água identificado na via pública.,/uploads/ocorrencia_462.jpg,Média,Serviço de Abastecimento de Água,Equipe 02,3,Resolvida,2026-01-13,Vazamento reparado,2026-01-16,3,Atendimento realizado dentro do prazo.
463,Lixo acumulado,"Rua das Palmeiras, 497",Vila Nova,-25.471986,-49.334344,2026-02-03,17:14,Acúmulo de resíduos em área pública.,/uploads/ocorrencia_463.jpg,Baixa,Secretaria de Limpeza,Equipe 09,7,Resolvida,2026-02-05,Resíduos recolhidos e área limpa,2026-02-09,6,Necessária vistoria técnica antes do atendimento.
464,Buraco na rua,"Avenida Curitiba, 401",Jardim das Flores,-25.427903,-49.236984,2025-06-26,21:02,"Buraco identificado na via, oferecendo risco aos veículos.",/uploads/ocorrencia_464.jpg,Média,Secretaria de Obras,Equipe 05,3,Resolvida,2025-06-27,Buraco preenchido e via recapeada,2025-06-29,3,Serviço concluído e área liberada.
465,Alagamento,"Avenida Brasil, 271",Jardim das Flores,-25.403137,-49.252819,2025-02-04,14:49,Ponto da via apresenta acúmulo de água após chuva.,/uploads/ocorrencia_465.jpg,Média,Secretaria de Obras,Equipe 04,7,Resolvida,2025-02-04,Drenagem desobstruída e reparada,2025-02-11,7,Problema solucionado após intervenção da equipe.
466,Placa danificada,"Rua São José, 570",Jardim América,-25.529219,-49.288514,2024-01-09,02:00,Placa de sinalização danificada ou ilegível.,/uploads/ocorrencia_466.jpg,Baixa,Secretaria de Trânsito,Equipe 04,7,Resolvida,2024-01-11,Placa substituída,2024-01-10,1,Serviço concluído e área liberada.
467,Alagamento,"Rua das Flores, 34",Vila Esperança,-25.358441,-49.378403,2024-02-28,19:42,Ponto da via apresenta acúmulo de água após chuva.,/uploads/ocorrencia_467.jpg,Média,Secretaria de Obras,Equipe 10,3,Resolvida,2024-03-01,Drenagem desobstruída e reparada,2024-03-01,2,Ocorrência encaminhada para equipe responsável.
468,Árvore caída,"Avenida Brasil, 722",Jardim América,-25.396128,-49.226945,2024-10-28,14:42,Árvore caída ocupando parte da via ou calçada.,/uploads/ocorrencia_468.jpg,Baixa,Secretaria de Meio Ambiente,Equipe 11,5,Resolvida,2024-10-29,Árvore removida e área liberada,2024-11-01,4,Serviço concluído e área liberada.
469,Alagamento,"Avenida Brasil, 293",Jardim América,-25.514414,-49.38265,2025-01-26,12:21,Ponto da via apresenta acúmulo de água após chuva.,/uploads/ocorrencia_469.jpg,Média,Secretaria de Obras,Equipe 15,3,Resolvida,2025-01-27,Drenagem desobstruída e reparada,2025-01-29,3,Ocorrência encaminhada para equipe responsável.
470,Árvore caída,"Avenida Curitiba, 121",Jardim América,-25.40692,-49.374178,2026-02-26,13:13,Árvore caída ocupando parte da via ou calçada.,/uploads/ocorrencia_470.jpg,Baixa,Secretaria de Meio Ambiente,Equipe 02,10,Resolvida,2026-02-27,Árvore removida e área liberada,2026-02-28,2,Atendimento realizado dentro do prazo.
471,Alagamento,"Rua das Flores, 928",Vila Nova,-25.519679,-49.317542,2025-10-30,20:00,Ponto da via apresenta acúmulo de água após chuva.,/uploads/ocorrencia_471.jpg,Média,Secretaria de Obras,Equipe 07,3,Resolvida,2025-10-31,Drenagem desobstruída e reparada,2025-11-02,3,Problema solucionado após intervenção da equipe.
472,Buraco na rua,"Avenida Curitiba, 456",Vila Nova,-25.359169,-49.195506,2026-01-15,02:34,"Buraco identificado na via, oferecendo risco aos veículos.",/uploads/ocorrencia_472.jpg,Média,Secretaria de Obras,Equipe 08,3,Resolvida,2026-01-16,Buraco preenchido e via recapeada,2026-01-17,2,Atendimento realizado dentro do prazo.
473,Semáforo com defeito,"Rua São José, 708",Boa Vista,-25.379332,-49.314984,2024-02-26,20:41,Semáforo apresenta falha no funcionamento.,/uploads/ocorrencia_473.jpg,Baixa,Secretaria de Trânsito,Equipe 14,5,Resolvida,2024-02-28,Semáforo reparado,2024-02-29,3,Necessária vistoria técnica antes do atendimento.
474,Alagamento,"Rua XV de Novembro, 577",Vila Esperança,-25.370708,-49.242346,2025-01-28,21:12,Ponto da via apresenta acúmulo de água após chuva.,/uploads/ocorrencia_474.jpg,Baixa,Secretaria de Obras,Equipe 06,7,Resolvida,2025-01-29,Drenagem desobstruída e reparada,2025-02-03,6,Necessária vistoria técnica antes do atendimento.
475,Iluminação pública,"Rua Paraná, 153",Vila Nova,-25.537401,-49.264862,2024-01-26,23:37,Poste com iluminação defeituosa ou apagada.,/uploads/ocorrencia_475.jpg,Baixa,Secretaria de Serviços Públicos,Equipe 05,5,Resolvida,2024-01-27,Lâmpada e componentes elétricos substituídos,2024-01-30,4,Necessária vistoria técnica antes do atendimento.
476,Semáforo com defeito,"Rua das Flores, 47",Vila Nova,-25.388579,-49.233171,2024-12-11,23:02,Semáforo apresenta falha no funcionamento.,/uploads/ocorrencia_476.jpg,Baixa,Secretaria de Trânsito,Equipe 08,7,Resolvida,2024-12-11,Semáforo reparado,2024-12-12,1,Problema solucionado após intervenção da equipe.
477,Lixo acumulado,"Avenida Brasil, 47",Vila Esperança,-25.409741,-49.367366,2025-05-15,20:01,Acúmulo de resíduos em área pública.,/uploads/ocorrencia_477.jpg,Média,Secretaria de Limpeza,Equipe 03,5,Resolvida,2025-05-15,Resíduos recolhidos e área limpa,2025-05-17,2,Atendimento realizado dentro do prazo.
478,Alagamento,"Avenida Curitiba, 635",Bairro Novo,-25.431005,-49.246093,2025-08-28,02:52,Ponto da via apresenta acúmulo de água após chuva.,/uploads/ocorrencia_478.jpg,Baixa,Secretaria de Obras,Equipe 02,5,Resolvida,2025-08-29,Drenagem desobstruída e reparada,2025-08-29,1,Ocorrência encaminhada para equipe responsável.
479,Árvore caída,"Rua das Palmeiras, 342",Boa Vista,-25.397154,-49.251729,2025-12-01,18:34,Árvore caída ocupando parte da via ou calçada.,/uploads/ocorrencia_479.jpg,Baixa,Secretaria de Meio Ambiente,Equipe 06,5,Resolvida,2025-12-01,Árvore removida e área liberada,2025-12-04,3,Atendimento realizado dentro do prazo.
480,Iluminação pública,"Rua XV de Novembro, 785",Jardim das Flores,-25.364865,-49.389825,2025-12-14,11:35,Poste com iluminação defeituosa ou apagada.,/uploads/ocorrencia_480.jpg,Média,Secretaria de Serviços Públicos,Equipe 02,3,Resolvida,2025-12-14,Lâmpada e componentes elétricos substituídos,2025-12-17,3,Problema solucionado após intervenção da equipe.
481,Árvore caída,"Rua das Flores, 910",Jardim América,-25.411299,-49.20194,2024-01-07,00:11,Árvore caída ocupando parte da via ou calçada.,/uploads/ocorrencia_481.jpg,Média,Secretaria de Meio Ambiente,Equipe 08,3,Resolvida,2024-01-08,Árvore removida e área liberada,2024-01-10,3,Ocorrência encaminhada para equipe responsável.
482,Calçada quebrada,"Avenida Central, 545",Jardim América,-25.514,-49.275028,2024-09-01,05:39,"Trecho da calçada danificado, dificultando a passagem.",/uploads/ocorrencia_482.jpg,Média,Secretaria de Obras,Equipe 02,7,Resolvida,2024-09-03,Calçada reparada,2024-09-03,2,Serviço concluído e área liberada.
483,Placa danificada,"Rua das Flores, 581",São Lucas,-25.448492,-49.283946,2024-04-30,16:06,Placa de sinalização danificada ou ilegível.,/uploads/ocorrencia_483.jpg,Baixa,Secretaria de Trânsito,Equipe 11,10,Resolvida,2024-05-02,Placa substituída,2024-05-06,6,Ocorrência encaminhada para equipe responsável.
484,Alagamento,"Rua Paraná, 125",Centro,-25.365465,-49.386493,2025-12-02,15:31,Ponto da via apresenta acúmulo de água após chuva.,/uploads/ocorrencia_484.jpg,Média,Secretaria de Obras,Equipe 06,3,Resolvida,2025-12-04,Drenagem desobstruída e reparada,2025-12-04,2,Serviço concluído e área liberada.
485,Calçada quebrada,"Avenida Central, 352",São Lucas,-25.514822,-49.203627,2026-02-15,14:02,"Trecho da calçada danificado, dificultando a passagem.",/uploads/ocorrencia_485.jpg,Média,Secretaria de Obras,Equipe 08,3,Resolvida,2026-02-17,Calçada reparada,2026-02-17,2,Problema solucionado após intervenção da equipe.
486,Iluminação pública,"Rua Paraná, 748",Bairro Novo,-25.394205,-49.318467,2025-08-16,10:26,Poste com iluminação defeituosa ou apagada.,/uploads/ocorrencia_486.jpg,Média,Secretaria de Serviços Públicos,Equipe 02,3,Resolvida,2025-08-16,Lâmpada e componentes elétricos substituídos,2025-08-19,3,Ocorrência encaminhada para equipe responsável.
487,Árvore caída,"Rua das Palmeiras, 922",Vila Esperança,-25.506767,-49.247642,2025-04-27,18:31,Árvore caída ocupando parte da via ou calçada.,/uploads/ocorrencia_487.jpg,Baixa,Secretaria de Meio Ambiente,Equipe 03,5,Resolvida,2025-04-27,Árvore removida e área liberada,2025-05-01,4,Necessária vistoria técnica antes do atendimento.
488,Placa danificada,"Avenida Curitiba, 747",Jardim América,-25.411558,-49.385087,2025-01-02,08:12,Placa de sinalização danificada ou ilegível.,/uploads/ocorrencia_488.jpg,Baixa,Secretaria de Trânsito,Equipe 03,7,Resolvida,2025-01-02,Placa substituída,2025-01-04,2,Atendimento realizado dentro do prazo.
489,Vazamento de água,"Rua das Palmeiras, 185",Vila Nova,-25.355973,-49.186249,2024-08-13,09:38,Vazamento de água identificado na via pública.,/uploads/ocorrencia_489.jpg,Média,Serviço de Abastecimento de Água,Equipe 02,3,Resolvida,2024-08-15,Vazamento reparado,2024-08-15,2,Necessária vistoria técnica antes do atendimento.
490,Semáforo com defeito,"Rua Paraná, 615",Vila Nova,-25.37548,-49.338042,2025-04-18,08:00,Semáforo apresenta falha no funcionamento.,/uploads/ocorrencia_490.jpg,Média,Secretaria de Trânsito,Equipe 07,7,Resolvida,2025-04-20,Semáforo reparado,2025-04-23,5,Problema solucionado após intervenção da equipe.
491,Calçada quebrada,"Rua das Flores, 437",Jardim América,-25.443776,-49.280183,2024-02-11,15:46,"Trecho da calçada danificado, dificultando a passagem.",/uploads/ocorrencia_491.jpg,Alta,Secretaria de Obras,Equipe 13,3,Resolvida,2024-02-12,Calçada reparada,2024-02-12,1,Atendimento realizado dentro do prazo.
492,Vazamento de água,"Rua Paraná, 95",Vila Nova,-25.478319,-49.340234,2024-01-13,22:46,Vazamento de água identificado na via pública.,/uploads/ocorrencia_492.jpg,Média,Serviço de Abastecimento de Água,Equipe 02,5,Resolvida,2024-01-13,Vazamento reparado,2024-01-16,3,Atendimento realizado dentro do prazo.
493,Vazamento de água,"Rua XV de Novembro, 730",Jardim das Flores,-25.395633,-49.18145,2025-08-07,23:37,Vazamento de água identificado na via pública.,/uploads/ocorrencia_493.jpg,Média,Serviço de Abastecimento de Água,Equipe 07,3,Resolvida,2025-08-08,Vazamento reparado,2025-08-10,3,Ocorrência encaminhada para equipe responsável.
494,Placa danificada,"Rua das Flores, 891",Vila Nova,-25.46482,-49.332553,2025-01-29,22:21,Placa de sinalização danificada ou ilegível.,/uploads/ocorrencia_494.jpg,Média,Secretaria de Trânsito,Equipe 10,7,Resolvida,2025-01-30,Placa substituída,2025-01-31,2,Problema solucionado após intervenção da equipe.
495,Calçada quebrada,"Rua São José, 763",Bairro Novo,-25.476882,-49.245217,2025-06-11,21:23,"Trecho da calçada danificado, dificultando a passagem.",/uploads/ocorrencia_495.jpg,Alta,Secretaria de Obras,Equipe 06,1,Resolvida,2025-06-12,Calçada reparada,2025-06-12,1,Serviço concluído e área liberada.
496,Lixo acumulado,"Rua Paraná, 151",Bairro Novo,-25.36217,-49.25497,2024-09-01,17:07,Acúmulo de resíduos em área pública.,/uploads/ocorrencia_496.jpg,Alta,Secretaria de Limpeza,Equipe 12,3,Resolvida,2024-09-03,Resíduos recolhidos e área limpa,2024-09-03,2,Ocorrência encaminhada para equipe responsável.
497,Calçada quebrada,"Rua São José, 929",Boa Vista,-25.480955,-49.278443,2025-11-27,13:17,"Trecho da calçada danificado, dificultando a passagem.",/uploads/ocorrencia_497.jpg,Baixa,Secretaria de Obras,Equipe 09,5,Resolvida,2025-11-28,Calçada reparada,2025-11-28,1,Atendimento realizado dentro do prazo.
498,Vazamento de água,"Avenida Curitiba, 645",Jardim das Flores,-25.532538,-49.302329,2025-11-20,22:51,Vazamento de água identificado na via pública.,/uploads/ocorrencia_498.jpg,Média,Serviço de Abastecimento de Água,Equipe 03,3,Resolvida,2025-11-21,Vazamento reparado,2025-11-22,2,Serviço concluído e área liberada.
499,Iluminação pública,"Rua XV de Novembro, 292",Bairro Novo,-25.545462,-49.295866,2024-05-31,15:09,Poste com iluminação defeituosa ou apagada.,/uploads/ocorrencia_499.jpg,Baixa,Secretaria de Serviços Públicos,Equipe 11,5,Resolvida,2024-06-02,Lâmpada e componentes elétricos substituídos,2024-06-05,5,Problema solucionado após intervenção da equipe.
500,Lixo acumulado,"Rua São José, 440",Vila Nova,-25.375641,-49.341918,2025-10-22,00:18,Acúmulo de resíduos em área pública.,/uploads/ocorrencia_500.jpg,Média,Secretaria de Limpeza,Equipe 09,3,Resolvida,2025-10-22,Resíduos recolhidos e área limpa,2025-10-24,2,Serviço concluído e área liberada.
501,Árvore caída,"Rua São José, 507",Boa Vista,-25.489184,-49.367011,2025-12-14,16:53,Árvore caída ocupando parte da via ou calçada.,/uploads/ocorrencia_501.jpg,Média,Secretaria de Meio Ambiente,Equipe 13,7,Resolvida,2025-12-15,Árvore removida e área liberada,2025-12-19,5,Serviço concluído e área liberada.
502,Lixo acumulado,"Rua Paraná, 505",Jardim das Flores,-25.358757,-49.245342,2024-10-22,01:09,Acúmulo de resíduos em área pública.,/uploads/ocorrencia_502.jpg,Média,Secretaria de Limpeza,Equipe 03,5,Resolvida,2024-10-23,Resíduos recolhidos e área limpa,2024-10-26,4,Problema solucionado após intervenção da equipe.
503,Alagamento,"Rua XV de Novembro, 869",Jardim América,-25.351245,-49.256369,2025-11-13,04:10,Ponto da via apresenta acúmulo de água após chuva.,/uploads/ocorrencia_503.jpg,Média,Secretaria de Obras,Equipe 08,3,Resolvida,2025-11-13,Drenagem desobstruída e reparada,2025-11-15,2,Serviço concluído e área liberada.
504,Placa danificada,"Rua Paraná, 585",Jardim América,-25.442027,-49.359351,2025-11-12,10:22,Placa de sinalização danificada ou ilegível.,/uploads/ocorrencia_504.jpg,Média,Secretaria de Trânsito,Equipe 05,3,Resolvida,2025-11-13,Placa substituída,2025-11-15,3,Atendimento realizado dentro do prazo.
505,Buraco na rua,"Avenida Curitiba, 796",São Lucas,-25.483744,-49.223637,2025-04-14,10:09,"Buraco identificado na via, oferecendo risco aos veículos.",/uploads/ocorrencia_505.jpg,Baixa,Secretaria de Obras,Equipe 08,5,Resolvida,2025-04-16,Buraco preenchido e via recapeada,2025-04-19,5,Serviço concluído e área liberada.
506,Lixo acumulado,"Rua São José, 715",Vila Nova,-25.488384,-49.299593,2025-05-05,01:08,Acúmulo de resíduos em área pública.,/uploads/ocorrencia_506.jpg,Baixa,Secretaria de Limpeza,Equipe 14,10,Resolvida,2025-05-05,Resíduos recolhidos e área limpa,2025-05-14,9,Ocorrência encaminhada para equipe responsável.
507,Vazamento de água,"Avenida Brasil, 344",Boa Vista,-25.510857,-49.379103,2025-10-18,06:37,Vazamento de água identificado na via pública.,/uploads/ocorrencia_507.jpg,Baixa,Serviço de Abastecimento de Água,Equipe 14,10,Resolvida,2025-10-19,Vazamento reparado,2025-10-22,4,Necessária vistoria técnica antes do atendimento.
508,Iluminação pública,"Rua Paraná, 512",São Lucas,-25.520411,-49.186549,2025-09-11,16:03,Poste com iluminação defeituosa ou apagada.,/uploads/ocorrencia_508.jpg,Baixa,Secretaria de Serviços Públicos,Equipe 06,10,Resolvida,2025-09-12,Lâmpada e componentes elétricos substituídos,2025-09-17,6,Necessária vistoria técnica antes do atendimento.
509,Placa danificada,"Avenida Central, 363",Centro,-25.351481,-49.199079,2025-04-01,17:05,Placa de sinalização danificada ou ilegível.,/uploads/ocorrencia_509.jpg,Média,Secretaria de Trânsito,Equipe 05,3,Resolvida,2025-04-03,Placa substituída,2025-04-04,3,Ocorrência encaminhada para equipe responsável.
510,Árvore caída,"Rua XV de Novembro, 865",São Lucas,-25.352672,-49.383471,2024-03-29,04:13,Árvore caída ocupando parte da via ou calçada.,/uploads/ocorrencia_510.jpg,Média,Secretaria de Meio Ambiente,Equipe 10,5,Resolvida,2024-03-31,Árvore removida e área liberada,2024-04-03,5,Necessária vistoria técnica antes do atendimento.
511,Iluminação pública,"Rua das Palmeiras, 664",Centro,-25.512799,-49.304558,2025-02-28,05:35,Poste com iluminação defeituosa ou apagada.,/uploads/ocorrencia_511.jpg,Alta,Secretaria de Serviços Públicos,Equipe 09,2,Resolvida,2025-02-28,Lâmpada e componentes elétricos substituídos,2025-03-01,1,Necessária vistoria técnica antes do atendimento.
512,Buraco na rua,"Avenida Central, 515",Jardim das Flores,-25.489966,-49.239861,2025-04-19,07:01,"Buraco identificado na via, oferecendo risco aos veículos.",/uploads/ocorrencia_512.jpg,Média,Secretaria de Obras,Equipe 11,3,Resolvida,2025-04-20,Buraco preenchido e via recapeada,2025-04-21,2,Necessária vistoria técnica antes do atendimento.
513,Iluminação pública,"Rua das Palmeiras, 193",Jardim das Flores,-25.45139,-49.157344,2025-12-05,20:15,Poste com iluminação defeituosa ou apagada.,/uploads/ocorrencia_513.jpg,Média,Secretaria de Serviços Públicos,Equipe 10,3,Resolvida,2025-12-06,Lâmpada e componentes elétricos substituídos,2025-12-07,2,Serviço concluído e área liberada.
514,Vazamento de água,"Avenida Central, 653",São Lucas,-25.546491,-49.335116,2025-12-11,03:23,Vazamento de água identificado na via pública.,/uploads/ocorrencia_514.jpg,Média,Serviço de Abastecimento de Água,Equipe 10,7,Resolvida,2025-12-13,Vazamento reparado,2025-12-18,7,Atendimento realizado dentro do prazo.
515,Lixo acumulado,"Avenida Curitiba, 909",Boa Vista,-25.422751,-49.161211,2024-12-31,05:03,Acúmulo de resíduos em área pública.,/uploads/ocorrencia_515.jpg,Média,Secretaria de Limpeza,Equipe 01,5,Resolvida,2025-01-01,Resíduos recolhidos e área limpa,2025-01-04,4,Serviço concluído e área liberada.
516,Alagamento,"Rua Paraná, 794",Bairro Novo,-25.384636,-49.228758,2026-02-22,03:38,Ponto da via apresenta acúmulo de água após chuva.,/uploads/ocorrencia_516.jpg,Média,Secretaria de Obras,Equipe 05,3,Resolvida,2026-02-23,Drenagem desobstruída e reparada,2026-02-25,3,Serviço concluído e área liberada.
517,Placa danificada,"Rua São José, 853",Bairro Novo,-25.467601,-49.169773,2024-05-20,16:18,Placa de sinalização danificada ou ilegível.,/uploads/ocorrencia_517.jpg,Baixa,Secretaria de Trânsito,Equipe 03,7,Resolvida,2024-05-21,Placa substituída,2024-05-27,7,Atendimento realizado dentro do prazo.
518,Calçada quebrada,"Rua Paraná, 861",Jardim América,-25.439777,-49.210923,2025-07-26,19:44,"Trecho da calçada danificado, dificultando a passagem.",/uploads/ocorrencia_518.jpg,Baixa,Secretaria de Obras,Equipe 02,10,Resolvida,2025-07-28,Calçada reparada,2025-08-04,9,Necessária vistoria técnica antes do atendimento.
519,Vazamento de água,"Avenida Brasil, 848",Bairro Novo,-25.522197,-49.289516,2024-01-18,15:22,Vazamento de água identificado na via pública.,/uploads/ocorrencia_519.jpg,Baixa,Serviço de Abastecimento de Água,Equipe 10,7,Resolvida,2024-01-19,Vazamento reparado,2024-01-24,6,Problema solucionado após intervenção da equipe.
520,Placa danificada,"Avenida Central, 39",Jardim América,-25.504685,-49.368664,2024-05-01,07:08,Placa de sinalização danificada ou ilegível.,/uploads/ocorrencia_520.jpg,Média,Secretaria de Trânsito,Equipe 03,7,Resolvida,2024-05-03,Placa substituída,2024-05-04,3,Atendimento realizado dentro do prazo.
521,Árvore caída,"Avenida Brasil, 29",Bairro Novo,-25.391389,-49.27163,2026-02-14,13:02,Árvore caída ocupando parte da via ou calçada.,/uploads/ocorrencia_521.jpg,Média,Secretaria de Meio Ambiente,Equipe 01,3,Resolvida,2026-02-14,Árvore removida e área liberada,2026-02-16,2,Necessária vistoria técnica antes do atendimento.
522,Iluminação pública,"Rua das Flores, 77",Jardim das Flores,-25.432479,-49.349994,2024-01-11,03:50,Poste com iluminação defeituosa ou apagada.,/uploads/ocorrencia_522.jpg,Baixa,Secretaria de Serviços Públicos,Equipe 11,5,Resolvida,2024-01-11,Lâmpada e componentes elétricos substituídos,2024-01-16,5,Serviço concluído e área liberada.
523,Buraco na rua,"Rua XV de Novembro, 876",Bairro Novo,-25.39384,-49.246761,2024-10-11,18:22,"Buraco identificado na via, oferecendo risco aos veículos.",/uploads/ocorrencia_523.jpg,Média,Secretaria de Obras,Equipe 09,5,Resolvida,2024-10-13,Buraco preenchido e via recapeada,2024-10-14,3,Problema solucionado após intervenção da equipe.
524,Iluminação pública,"Rua das Flores, 551",Bairro Novo,-25.530263,-49.346496,2024-07-15,09:10,Poste com iluminação defeituosa ou apagada.,/uploads/ocorrencia_524.jpg,Baixa,Secretaria de Serviços Públicos,Equipe 09,10,Resolvida,2024-07-17,Lâmpada e componentes elétricos substituídos,2024-07-16,1,Necessária vistoria técnica antes do atendimento.
525,Placa danificada,"Avenida Curitiba, 699",Jardim América,-25.504489,-49.371789,2024-07-04,11:24,Placa de sinalização danificada ou ilegível.,/uploads/ocorrencia_525.jpg,Alta,Secretaria de Trânsito,Equipe 06,2,Resolvida,2024-07-06,Placa substituída,2024-07-05,1,Atendimento realizado dentro do prazo.
526,Vazamento de água,"Rua XV de Novembro, 517",Bairro Novo,-25.484377,-49.371069,2025-12-22,09:35,Vazamento de água identificado na via pública.,/uploads/ocorrencia_526.jpg,Média,Serviço de Abastecimento de Água,Equipe 05,7,Resolvida,2025-12-22,Vazamento reparado,2025-12-24,2,Necessária vistoria técnica antes do atendimento.
527,Alagamento,"Rua Paraná, 577",Vila Nova,-25.476512,-49.396804,2026-05-25,13:12,Ponto da via apresenta acúmulo de água após chuva.,/uploads/ocorrencia_527.jpg,Média,Secretaria de Obras,Equipe 11,3,Resolvida,2026-05-27,Drenagem desobstruída e reparada,2026-05-28,3,Necessária vistoria técnica antes do atendimento.
528,Iluminação pública,"Avenida Curitiba, 545",São Lucas,-25.431889,-49.374569,2024-03-28,03:09,Poste com iluminação defeituosa ou apagada.,/uploads/ocorrencia_528.jpg,Média,Secretaria de Serviços Públicos,Equipe 15,5,Resolvida,2024-03-30,Lâmpada e componentes elétricos substituídos,2024-04-02,5,Ocorrência encaminhada para equipe responsável.
529,Iluminação pública,"Rua Paraná, 356",Boa Vista,-25.450178,-49.208796,2026-05-14,12:07,Poste com iluminação defeituosa ou apagada.,/uploads/ocorrencia_529.jpg,Baixa,Secretaria de Serviços Públicos,Equipe 13,5,Resolvida,2026-05-16,Lâmpada e componentes elétricos substituídos,2026-05-18,4,Problema solucionado após intervenção da equipe.
530,Alagamento,"Rua São José, 497",São Lucas,-25.528393,-49.337328,2025-02-18,15:32,Ponto da via apresenta acúmulo de água após chuva.,/uploads/ocorrencia_530.jpg,Média,Secretaria de Obras,Equipe 08,5,Resolvida,2025-02-19,Drenagem desobstruída e reparada,2025-02-21,3,Ocorrência encaminhada para equipe responsável.
531,Lixo acumulado,"Avenida Brasil, 765",Centro,-25.429083,-49.318261,2024-03-10,15:43,Acúmulo de resíduos em área pública.,/uploads/ocorrencia_531.jpg,Baixa,Secretaria de Limpeza,Equipe 05,5,Resolvida,2024-03-11,Resíduos recolhidos e área limpa,2024-03-12,2,Problema solucionado após intervenção da equipe.
532,Iluminação pública,"Avenida Curitiba, 821",Bairro Novo,-25.481277,-49.185082,2024-10-27,21:31,Poste com iluminação defeituosa ou apagada.,/uploads/ocorrencia_532.jpg,Média,Secretaria de Serviços Públicos,Equipe 09,5,Resolvida,2024-10-29,Lâmpada e componentes elétricos substituídos,2024-10-31,4,Atendimento realizado dentro do prazo.
533,Buraco na rua,"Avenida Brasil, 402",São Lucas,-25.514626,-49.235147,2026-05-23,12:28,"Buraco identificado na via, oferecendo risco aos veículos.",/uploads/ocorrencia_533.jpg,Média,Secretaria de Obras,Equipe 13,5,Resolvida,2026-05-23,Buraco preenchido e via recapeada,2026-05-25,2,Serviço concluído e área liberada.
534,Lixo acumulado,"Rua das Palmeiras, 147",Vila Nova,-25.451889,-49.261554,2025-02-02,15:48,Acúmulo de resíduos em área pública.,/uploads/ocorrencia_534.jpg,Baixa,Secretaria de Limpeza,Equipe 09,5,Resolvida,2025-02-04,Resíduos recolhidos e área limpa,2025-02-07,5,Problema solucionado após intervenção da equipe.
535,Vazamento de água,"Rua XV de Novembro, 528",Vila Nova,-25.479447,-49.155554,2024-09-26,15:37,Vazamento de água identificado na via pública.,/uploads/ocorrencia_535.jpg,Baixa,Serviço de Abastecimento de Água,Equipe 06,7,Resolvida,2024-09-28,Vazamento reparado,2024-10-01,5,Atendimento realizado dentro do prazo.
536,Buraco na rua,"Rua XV de Novembro, 867",Centro,-25.53053,-49.313714,2026-04-08,23:37,"Buraco identificado na via, oferecendo risco aos veículos.",/uploads/ocorrencia_536.jpg,Média,Secretaria de Obras,Equipe 06,3,Resolvida,2026-04-09,Buraco preenchido e via recapeada,2026-04-11,3,Necessária vistoria técnica antes do atendimento.
537,Placa danificada,"Rua Paraná, 263",Centro,-25.527106,-49.357555,2024-11-15,18:05,Placa de sinalização danificada ou ilegível.,/uploads/ocorrencia_537.jpg,Baixa,Secretaria de Trânsito,Equipe 09,10,Resolvida,2024-11-16,Placa substituída,2024-11-17,2,Serviço concluído e área liberada.
538,Buraco na rua,"Rua das Palmeiras, 591",Vila Nova,-25.545553,-49.320871,2025-03-07,08:01,"Buraco identificado na via, oferecendo risco aos veículos.",/uploads/ocorrencia_538.jpg,Média,Secretaria de Obras,Equipe 10,7,Resolvida,2025-03-09,Buraco preenchido e via recapeada,2025-03-12,5,Necessária vistoria técnica antes do atendimento.
539,Placa danificada,"Avenida Curitiba, 112",Bairro Novo,-25.516675,-49.32512,2024-07-29,10:31,Placa de sinalização danificada ou ilegível.,/uploads/ocorrencia_539.jpg,Média,Secretaria de Trânsito,Equipe 07,7,Resolvida,2024-07-30,Placa substituída,2024-08-05,7,Ocorrência encaminhada para equipe responsável.
540,Vazamento de água,"Rua Paraná, 304",Bairro Novo,-25.358412,-49.220573,2024-10-31,18:25,Vazamento de água identificado na via pública.,/uploads/ocorrencia_540.jpg,Baixa,Serviço de Abastecimento de Água,Equipe 10,5,Resolvida,2024-11-02,Vazamento reparado,2024-11-05,5,Atendimento realizado dentro do prazo.
541,Placa danificada,"Avenida Brasil, 590",Jardim das Flores,-25.385252,-49.27384,2025-05-01,13:13,Placa de sinalização danificada ou ilegível.,/uploads/ocorrencia_541.jpg,Alta,Secretaria de Trânsito,Equipe 05,2,Resolvida,2025-05-03,Placa substituída,2025-05-02,1,Necessária vistoria técnica antes do atendimento.
542,Semáforo com defeito,"Rua Paraná, 434",Boa Vista,-25.373821,-49.243039,2025-10-01,16:29,Semáforo apresenta falha no funcionamento.,/uploads/ocorrencia_542.jpg,Média,Secretaria de Trânsito,Equipe 09,7,Resolvida,2025-10-01,Semáforo reparado,2025-10-07,6,Ocorrência encaminhada para equipe responsável.
543,Vazamento de água,"Avenida Curitiba, 284",Vila Esperança,-25.50987,-49.284378,2025-06-29,19:54,Vazamento de água identificado na via pública.,/uploads/ocorrencia_543.jpg,Alta,Serviço de Abastecimento de Água,Equipe 04,2,Resolvida,2025-07-01,Vazamento reparado,2025-06-30,1,Ocorrência encaminhada para equipe responsável.
544,Alagamento,"Rua das Palmeiras, 336",São Lucas,-25.420791,-49.335888,2024-03-06,20:13,Ponto da via apresenta acúmulo de água após chuva.,/uploads/ocorrencia_544.jpg,Alta,Secretaria de Obras,Equipe 10,2,Resolvida,2024-03-07,Drenagem desobstruída e reparada,2024-03-08,2,Ocorrência encaminhada para equipe responsável.
545,Árvore caída,"Avenida Brasil, 163",Vila Esperança,-25.465596,-49.173586,2024-09-08,09:29,Árvore caída ocupando parte da via ou calçada.,/uploads/ocorrencia_545.jpg,Baixa,Secretaria de Meio Ambiente,Equipe 04,7,Resolvida,2024-09-09,Árvore removida e área liberada,2024-09-13,5,Ocorrência encaminhada para equipe responsável.
546,Alagamento,"Rua das Flores, 274",Jardim América,-25.452832,-49.395023,2024-10-11,21:35,Ponto da via apresenta acúmulo de água após chuva.,/uploads/ocorrencia_546.jpg,Média,Secretaria de Obras,Equipe 14,3,Resolvida,2024-10-13,Drenagem desobstruída e reparada,2024-10-13,2,Atendimento realizado dentro do prazo.
547,Placa danificada,"Avenida Brasil, 932",Jardim das Flores,-25.38145,-49.34099,2025-01-07,21:42,Placa de sinalização danificada ou ilegível.,/uploads/ocorrencia_547.jpg,Alta,Secretaria de Trânsito,Equipe 10,1,Resolvida,2025-01-09,Placa substituída,2025-01-08,1,Problema solucionado após intervenção da equipe.
548,Iluminação pública,"Avenida Curitiba, 915",Jardim das Flores,-25.402553,-49.19854,2025-09-06,03:49,Poste com iluminação defeituosa ou apagada.,/uploads/ocorrencia_548.jpg,Baixa,Secretaria de Serviços Públicos,Equipe 12,7,Resolvida,2025-09-08,Lâmpada e componentes elétricos substituídos,2025-09-09,3,Ocorrência encaminhada para equipe responsável.
549,Árvore caída,"Rua XV de Novembro, 119",Vila Esperança,-25.538815,-49.266633,2024-10-08,14:26,Árvore caída ocupando parte da via ou calçada.,/uploads/ocorrencia_549.jpg,Baixa,Secretaria de Meio Ambiente,Equipe 12,7,Resolvida,2024-10-10,Árvore removida e área liberada,2024-10-15,7,Atendimento realizado dentro do prazo.
550,Placa danificada,"Avenida Curitiba, 709",São Lucas,-25.385727,-49.394731,2024-10-11,04:23,Placa de sinalização danificada ou ilegível.,/uploads/ocorrencia_550.jpg,Baixa,Secretaria de Trânsito,Equipe 15,7,Resolvida,2024-10-12,Placa substituída,2024-10-17,6,Problema solucionado após intervenção da equipe.
551,Buraco na rua,"Rua Paraná, 269",Centro,-25.376609,-49.185588,2024-11-12,20:44,"Buraco identificado na via, oferecendo risco aos veículos.",/uploads/ocorrencia_551.jpg,Média,Secretaria de Obras,Equipe 07,5,Resolvida,2024-11-14,Buraco preenchido e via recapeada,2024-11-14,2,Atendimento realizado dentro do prazo.
552,Árvore caída,"Avenida Central, 102",Jardim das Flores,-25.423729,-49.180133,2026-02-13,07:19,Árvore caída ocupando parte da via ou calçada.,/uploads/ocorrencia_552.jpg,Alta,Secretaria de Meio Ambiente,Equipe 13,1,Resolvida,2026-02-14,Árvore removida e área liberada,2026-02-14,1,Necessária vistoria técnica antes do atendimento.
553,Buraco na rua,"Avenida Brasil, 852",Jardim das Flores,-25.465527,-49.170363,2025-05-18,15:47,"Buraco identificado na via, oferecendo risco aos veículos.",/uploads/ocorrencia_553.jpg,Média,Secretaria de Obras,Equipe 02,5,Resolvida,2025-05-20,Buraco preenchido e via recapeada,2025-05-22,4,Ocorrência encaminhada para equipe responsável.
554,Alagamento,"Rua São José, 440",Bairro Novo,-25.54453,-49.386975,2026-04-12,17:47,Ponto da via apresenta acúmulo de água após chuva.,/uploads/ocorrencia_554.jpg,Média,Secretaria de Obras,Equipe 11,5,Resolvida,2026-04-14,Drenagem desobstruída e reparada,2026-04-17,5,Ocorrência encaminhada para equipe responsável.
555,Vazamento de água,"Rua das Flores, 420",Jardim América,-25.500079,-49.221609,2024-11-08,10:36,Vazamento de água identificado na via pública.,/uploads/ocorrencia_555.jpg,Baixa,Serviço de Abastecimento de Água,Equipe 13,5,Resolvida,2024-11-08,Vazamento reparado,2024-11-09,1,Ocorrência encaminhada para equipe responsável.
556,Árvore caída,"Avenida Curitiba, 499",Boa Vista,-25.390094,-49.350334,2024-05-16,08:11,Árvore caída ocupando parte da via ou calçada.,/uploads/ocorrencia_556.jpg,Alta,Secretaria de Meio Ambiente,Equipe 07,3,Resolvida,2024-05-17,Árvore removida e área liberada,2024-05-19,3,Serviço concluído e área liberada.
557,Lixo acumulado,"Rua das Palmeiras, 977",São Lucas,-25.355174,-49.350433,2025-08-07,07:01,Acúmulo de resíduos em área pública.,/uploads/ocorrencia_557.jpg,Alta,Secretaria de Limpeza,Equipe 12,1,Resolvida,2025-08-07,Resíduos recolhidos e área limpa,2025-08-08,1,Ocorrência encaminhada para equipe responsável.
558,Buraco na rua,"Rua das Palmeiras, 624",São Lucas,-25.406283,-49.29121,2024-04-01,11:10,"Buraco identificado na via, oferecendo risco aos veículos.",/uploads/ocorrencia_558.jpg,Baixa,Secretaria de Obras,Equipe 15,10,Resolvida,2024-04-01,Buraco preenchido e via recapeada,2024-04-03,2,Necessária vistoria técnica antes do atendimento.
559,Vazamento de água,"Rua Paraná, 740",Bairro Novo,-25.52396,-49.185916,2026-06-01,08:18,Vazamento de água identificado na via pública.,/uploads/ocorrencia_559.jpg,Baixa,Serviço de Abastecimento de Água,Equipe 10,10,Resolvida,2026-06-02,Vazamento reparado,2026-06-09,8,Ocorrência encaminhada para equipe responsável.
560,Alagamento,"Rua das Palmeiras, 194",Vila Esperança,-25.459805,-49.337921,2024-05-29,00:18,Ponto da via apresenta acúmulo de água após chuva.,/uploads/ocorrencia_560.jpg,Média,Secretaria de Obras,Equipe 10,5,Resolvida,2024-05-31,Drenagem desobstruída e reparada,2024-06-01,3,Necessária vistoria técnica antes do atendimento.
561,Iluminação pública,"Avenida Curitiba, 146",Centro,-25.465342,-49.250701,2025-12-10,12:43,Poste com iluminação defeituosa ou apagada.,/uploads/ocorrencia_561.jpg,Alta,Secretaria de Serviços Públicos,Equipe 02,1,Resolvida,2025-12-12,Lâmpada e componentes elétricos substituídos,2025-12-11,1,Atendimento realizado dentro do prazo.
562,Semáforo com defeito,"Rua das Flores, 350",Centro,-25.400352,-49.388622,2025-04-27,11:38,Semáforo apresenta falha no funcionamento.,/uploads/ocorrencia_562.jpg,Alta,Secretaria de Trânsito,Equipe 05,3,Resolvida,2025-04-29,Semáforo reparado,2025-04-30,3,Problema solucionado após intervenção da equipe.
563,Árvore caída,"Rua das Palmeiras, 697",Jardim das Flores,-25.449251,-49.167418,2025-07-26,01:37,Árvore caída ocupando parte da via ou calçada.,/uploads/ocorrencia_563.jpg,Média,Secretaria de Meio Ambiente,Equipe 15,3,Resolvida,2025-07-26,Árvore removida e área liberada,2025-07-29,3,Necessária vistoria técnica antes do atendimento.
564,Lixo acumulado,"Rua São José, 737",Bairro Novo,-25.450158,-49.156657,2024-05-25,08:07,Acúmulo de resíduos em área pública.,/uploads/ocorrencia_564.jpg,Média,Secretaria de Limpeza,Equipe 05,5,Resolvida,2024-05-25,Resíduos recolhidos e área limpa,2024-05-27,2,Serviço concluído e área liberada.
565,Árvore caída,"Avenida Central, 637",Jardim das Flores,-25.402626,-49.277181,2024-09-27,16:20,Árvore caída ocupando parte da via ou calçada.,/uploads/ocorrencia_565.jpg,Alta,Secretaria de Meio Ambiente,Equipe 03,2,Resolvida,2024-09-28,Árvore removida e área liberada,2024-09-28,1,Problema solucionado após intervenção da equipe.
566,Vazamento de água,"Rua Paraná, 162",Centro,-25.456573,-49.370994,2024-07-06,01:30,Vazamento de água identificado na via pública.,/uploads/ocorrencia_566.jpg,Baixa,Serviço de Abastecimento de Água,Equipe 15,7,Resolvida,2024-07-08,Vazamento reparado,2024-07-08,2,Necessária vistoria técnica antes do atendimento.
567,Buraco na rua,"Rua São José, 736",Vila Nova,-25.480079,-49.349067,2025-04-13,15:07,"Buraco identificado na via, oferecendo risco aos veículos.",/uploads/ocorrencia_567.jpg,Média,Secretaria de Obras,Equipe 05,7,Resolvida,2025-04-13,Buraco preenchido e via recapeada,2025-04-16,3,Ocorrência encaminhada para equipe responsável.
568,Lixo acumulado,"Rua Paraná, 607",Jardim das Flores,-25.365917,-49.338461,2024-01-05,16:49,Acúmulo de resíduos em área pública.,/uploads/ocorrencia_568.jpg,Alta,Secretaria de Limpeza,Equipe 08,3,Resolvida,2024-01-06,Resíduos recolhidos e área limpa,2024-01-06,1,Atendimento realizado dentro do prazo.
569,Placa danificada,"Avenida Central, 707",Centro,-25.519245,-49.379734,2024-05-04,12:23,Placa de sinalização danificada ou ilegível.,/uploads/ocorrencia_569.jpg,Alta,Secretaria de Trânsito,Equipe 14,3,Resolvida,2024-05-05,Placa substituída,2024-05-05,1,Necessária vistoria técnica antes do atendimento.
570,Vazamento de água,"Rua das Flores, 347",Jardim das Flores,-25.377344,-49.199611,2025-11-02,19:28,Vazamento de água identificado na via pública.,/uploads/ocorrencia_570.jpg,Alta,Serviço de Abastecimento de Água,Equipe 05,2,Resolvida,2025-11-02,Vazamento reparado,2025-11-03,1,Serviço concluído e área liberada.
571,Buraco na rua,"Rua das Palmeiras, 104",Bairro Novo,-25.379531,-49.359265,2024-07-01,07:49,"Buraco identificado na via, oferecendo risco aos veículos.",/uploads/ocorrencia_571.jpg,Média,Secretaria de Obras,Equipe 13,5,Resolvida,2024-07-01,Buraco preenchido e via recapeada,2024-07-03,2,Necessária vistoria técnica antes do atendimento.
572,Alagamento,"Avenida Brasil, 315",Jardim América,-25.416896,-49.191987,2025-03-18,23:51,Ponto da via apresenta acúmulo de água após chuva.,/uploads/ocorrencia_572.jpg,Média,Secretaria de Obras,Equipe 09,5,Resolvida,2025-03-19,Drenagem desobstruída e reparada,2025-03-21,3,Ocorrência encaminhada para equipe responsável.
573,Vazamento de água,"Rua das Palmeiras, 497",Vila Nova,-25.427226,-49.291474,2025-09-06,13:05,Vazamento de água identificado na via pública.,/uploads/ocorrencia_573.jpg,Baixa,Serviço de Abastecimento de Água,Equipe 07,7,Resolvida,2025-09-07,Vazamento reparado,2025-09-13,7,Atendimento realizado dentro do prazo.
574,Buraco na rua,"Avenida Curitiba, 702",Boa Vista,-25.420555,-49.379007,2025-12-03,22:09,"Buraco identificado na via, oferecendo risco aos veículos.",/uploads/ocorrencia_574.jpg,Baixa,Secretaria de Obras,Equipe 08,7,Resolvida,2025-12-05,Buraco preenchido e via recapeada,2025-12-08,5,Necessária vistoria técnica antes do atendimento.
575,Iluminação pública,"Avenida Central, 162",Vila Nova,-25.436293,-49.262251,2025-12-01,09:53,Poste com iluminação defeituosa ou apagada.,/uploads/ocorrencia_575.jpg,Alta,Secretaria de Serviços Públicos,Equipe 15,1,Resolvida,2025-12-02,Lâmpada e componentes elétricos substituídos,2025-12-02,1,Atendimento realizado dentro do prazo.
576,Semáforo com defeito,"Rua das Palmeiras, 432",Bairro Novo,-25.432886,-49.207838,2025-11-07,23:36,Semáforo apresenta falha no funcionamento.,/uploads/ocorrencia_576.jpg,Baixa,Secretaria de Trânsito,Equipe 01,7,Resolvida,2025-11-08,Semáforo reparado,2025-11-10,3,Atendimento realizado dentro do prazo.
577,Vazamento de água,"Rua XV de Novembro, 873",Jardim América,-25.432558,-49.28625,2024-03-26,13:56,Vazamento de água identificado na via pública.,/uploads/ocorrencia_577.jpg,Média,Serviço de Abastecimento de Água,Equipe 11,7,Resolvida,2024-03-27,Vazamento reparado,2024-03-30,4,Necessária vistoria técnica antes do atendimento.
578,Alagamento,"Rua XV de Novembro, 226",Boa Vista,-25.443125,-49.398538,2026-02-03,19:16,Ponto da via apresenta acúmulo de água após chuva.,/uploads/ocorrencia_578.jpg,Baixa,Secretaria de Obras,Equipe 02,10,Resolvida,2026-02-04,Drenagem desobstruída e reparada,2026-02-05,2,Atendimento realizado dentro do prazo.
579,Lixo acumulado,"Avenida Curitiba, 718",Vila Nova,-25.4263,-49.15652,2025-11-04,23:38,Acúmulo de resíduos em área pública.,/uploads/ocorrencia_579.jpg,Média,Secretaria de Limpeza,Equipe 06,7,Resolvida,2025-11-05,Resíduos recolhidos e área limpa,2025-11-09,5,Necessária vistoria técnica antes do atendimento.
580,Alagamento,"Rua XV de Novembro, 148",Bairro Novo,-25.453777,-49.363711,2024-04-24,00:44,Ponto da via apresenta acúmulo de água após chuva.,/uploads/ocorrencia_580.jpg,Baixa,Secretaria de Obras,Equipe 04,5,Resolvida,2024-04-24,Drenagem desobstruída e reparada,2024-04-25,1,Necessária vistoria técnica antes do atendimento.
581,Semáforo com defeito,"Avenida Brasil, 318",Vila Esperança,-25.369517,-49.215305,2024-05-31,15:27,Semáforo apresenta falha no funcionamento.,/uploads/ocorrencia_581.jpg,Média,Secretaria de Trânsito,Equipe 08,3,Resolvida,2024-05-31,Semáforo reparado,2024-06-02,2,Necessária vistoria técnica antes do atendimento.
582,Vazamento de água,"Avenida Curitiba, 609",Centro,-25.548425,-49.242398,2024-10-28,18:53,Vazamento de água identificado na via pública.,/uploads/ocorrencia_582.jpg,Baixa,Serviço de Abastecimento de Água,Equipe 12,7,Resolvida,2024-10-29,Vazamento reparado,2024-10-29,1,Necessária vistoria técnica antes do atendimento.
583,Árvore caída,"Avenida Central, 47",Vila Nova,-25.368985,-49.183091,2025-05-12,16:37,Árvore caída ocupando parte da via ou calçada.,/uploads/ocorrencia_583.jpg,Média,Secretaria de Meio Ambiente,Equipe 04,7,Resolvida,2025-05-14,Árvore removida e área liberada,2025-05-18,6,Atendimento realizado dentro do prazo.
584,Semáforo com defeito,"Rua das Palmeiras, 600",Centro,-25.526612,-49.244326,2024-03-06,08:57,Semáforo apresenta falha no funcionamento.,/uploads/ocorrencia_584.jpg,Baixa,Secretaria de Trânsito,Equipe 11,10,Resolvida,2024-03-07,Semáforo reparado,2024-03-13,7,Serviço concluído e área liberada.
585,Vazamento de água,"Rua das Flores, 175",São Lucas,-25.50606,-49.172732,2024-07-15,15:22,Vazamento de água identificado na via pública.,/uploads/ocorrencia_585.jpg,Baixa,Serviço de Abastecimento de Água,Equipe 06,7,Resolvida,2024-07-17,Vazamento reparado,2024-07-17,2,Problema solucionado após intervenção da equipe.
586,Vazamento de água,"Avenida Central, 750",Jardim América,-25.390049,-49.188867,2025-03-02,21:41,Vazamento de água identificado na via pública.,/uploads/ocorrencia_586.jpg,Média,Serviço de Abastecimento de Água,Equipe 10,7,Resolvida,2025-03-03,Vazamento reparado,2025-03-06,4,Ocorrência encaminhada para equipe responsável.
587,Alagamento,"Avenida Curitiba, 142",Bairro Novo,-25.48927,-49.347642,2024-06-09,19:31,Ponto da via apresenta acúmulo de água após chuva.,/uploads/ocorrencia_587.jpg,Baixa,Secretaria de Obras,Equipe 01,5,Resolvida,2024-06-10,Drenagem desobstruída e reparada,2024-06-13,4,Atendimento realizado dentro do prazo.
588,Placa danificada,"Rua São José, 703",Jardim das Flores,-25.527206,-49.343327,2026-04-27,16:02,Placa de sinalização danificada ou ilegível.,/uploads/ocorrencia_588.jpg,Baixa,Secretaria de Trânsito,Equipe 09,5,Resolvida,2026-04-28,Placa substituída,2026-04-30,3,Ocorrência encaminhada para equipe responsável.
589,Vazamento de água,"Rua São José, 813",Jardim das Flores,-25.539916,-49.163433,2024-02-17,17:17,Vazamento de água identificado na via pública.,/uploads/ocorrencia_589.jpg,Média,Serviço de Abastecimento de Água,Equipe 13,3,Resolvida,2024-02-19,Vazamento reparado,2024-02-19,2,Necessária vistoria técnica antes do atendimento.
590,Iluminação pública,"Avenida Brasil, 853",Bairro Novo,-25.367803,-49.360742,2025-06-03,03:10,Poste com iluminação defeituosa ou apagada.,/uploads/ocorrencia_590.jpg,Média,Secretaria de Serviços Públicos,Equipe 05,7,Resolvida,2025-06-03,Lâmpada e componentes elétricos substituídos,2025-06-05,2,Necessária vistoria técnica antes do atendimento.
591,Semáforo com defeito,"Avenida Brasil, 167",Vila Nova,-25.396156,-49.398353,2024-12-08,04:07,Semáforo apresenta falha no funcionamento.,/uploads/ocorrencia_591.jpg,Média,Secretaria de Trânsito,Equipe 14,3,Resolvida,2024-12-09,Semáforo reparado,2024-12-11,3,Necessária vistoria técnica antes do atendimento.
592,Placa danificada,"Rua XV de Novembro, 97",Jardim das Flores,-25.399359,-49.267587,2026-01-02,13:23,Placa de sinalização danificada ou ilegível.,/uploads/ocorrencia_592.jpg,Baixa,Secretaria de Trânsito,Equipe 13,10,Resolvida,2026-01-02,Placa substituída,2026-01-06,4,Ocorrência encaminhada para equipe responsável.
593,Lixo acumulado,"Rua das Palmeiras, 950",São Lucas,-25.461484,-49.207462,2025-04-14,16:50,Acúmulo de resíduos em área pública.,/uploads/ocorrencia_593.jpg,Média,Secretaria de Limpeza,Equipe 12,7,Resolvida,2025-04-14,Resíduos recolhidos e área limpa,2025-04-18,4,Problema solucionado após intervenção da equipe.
594,Iluminação pública,"Rua São José, 332",Bairro Novo,-25.417965,-49.239634,2026-03-01,05:27,Poste com iluminação defeituosa ou apagada.,/uploads/ocorrencia_594.jpg,Média,Secretaria de Serviços Públicos,Equipe 15,3,Resolvida,2026-03-01,Lâmpada e componentes elétricos substituídos,2026-03-04,3,Problema solucionado após intervenção da equipe.
595,Buraco na rua,"Rua das Palmeiras, 421",Jardim das Flores,-25.54842,-49.330055,2025-12-18,17:55,"Buraco identificado na via, oferecendo risco aos veículos.",/uploads/ocorrencia_595.jpg,Alta,Secretaria de Obras,Equipe 09,2,Resolvida,2025-12-19,Buraco preenchido e via recapeada,2025-12-20,2,Problema solucionado após intervenção da equipe.
596,Lixo acumulado,"Avenida Curitiba, 669",São Lucas,-25.48095,-49.197042,2025-07-11,19:50,Acúmulo de resíduos em área pública.,/uploads/ocorrencia_596.jpg,Baixa,Secretaria de Limpeza,Equipe 11,10,Resolvida,2025-07-13,Resíduos recolhidos e área limpa,2025-07-19,8,Necessária vistoria técnica antes do atendimento.
597,Calçada quebrada,"Avenida Brasil, 47",Jardim das Flores,-25.351615,-49.329018,2025-02-03,23:46,"Trecho da calçada danificado, dificultando a passagem.",/uploads/ocorrencia_597.jpg,Média,Secretaria de Obras,Equipe 02,7,Resolvida,2025-02-05,Calçada reparada,2025-02-06,3,Problema solucionado após intervenção da equipe.
598,Semáforo com defeito,"Rua São José, 785",Jardim das Flores,-25.501732,-49.206461,2024-01-24,00:56,Semáforo apresenta falha no funcionamento.,/uploads/ocorrencia_598.jpg,Média,Secretaria de Trânsito,Equipe 12,7,Resolvida,2024-01-25,Semáforo reparado,2024-01-30,6,Necessária vistoria técnica antes do atendimento.
599,Semáforo com defeito,"Rua das Flores, 871",Bairro Novo,-25.361731,-49.287816,2025-10-04,16:22,Semáforo apresenta falha no funcionamento.,/uploads/ocorrencia_599.jpg,Média,Secretaria de Trânsito,Equipe 10,3,Resolvida,2025-10-06,Semáforo reparado,2025-10-06,2,Atendimento realizado dentro do prazo.
600,Vazamento de água,"Rua Paraná, 834",Boa Vista,-25.381101,-49.341541,2025-08-18,18:45,Vazamento de água identificado na via pública.,/uploads/ocorrencia_600.jpg,Média,Serviço de Abastecimento de Água,Equipe 05,7,Resolvida,2025-08-20,Vazamento reparado,2025-08-25,7,Serviço concluído e área liberada.
601,Lixo acumulado,"Rua Paraná, 117",São Lucas,-25.520689,-49.293577,2025-08-19,06:52,Acúmulo de resíduos em área pública.,/uploads/ocorrencia_601.jpg,Baixa,Secretaria de Limpeza,Equipe 07,7,Resolvida,2025-08-19,Resíduos recolhidos e área limpa,2025-08-23,4,Atendimento realizado dentro do prazo.
602,Iluminação pública,"Rua das Palmeiras, 919",Centro,-25.469449,-49.260258,2024-08-07,14:04,Poste com iluminação defeituosa ou apagada.,/uploads/ocorrencia_602.jpg,Baixa,Secretaria de Serviços Públicos,Equipe 13,7,Resolvida,2024-08-09,Lâmpada e componentes elétricos substituídos,2024-08-13,6,Necessária vistoria técnica antes do atendimento.
603,Alagamento,"Rua das Palmeiras, 460",Vila Nova,-25.524575,-49.222212,2025-05-16,23:26,Ponto da via apresenta acúmulo de água após chuva.,/uploads/ocorrencia_603.jpg,Média,Secretaria de Obras,Equipe 03,3,Resolvida,2025-05-18,Drenagem desobstruída e reparada,2025-05-18,2,Problema solucionado após intervenção da equipe.
604,Semáforo com defeito,"Rua Paraná, 476",Bairro Novo,-25.379536,-49.372416,2026-02-03,05:35,Semáforo apresenta falha no funcionamento.,/uploads/ocorrencia_604.jpg,Média,Secretaria de Trânsito,Equipe 06,5,Resolvida,2026-02-05,Semáforo reparado,2026-02-05,2,Problema solucionado após intervenção da equipe.
605,Alagamento,"Rua XV de Novembro, 130",Centro,-25.521572,-49.252594,2025-01-18,09:18,Ponto da via apresenta acúmulo de água após chuva.,/uploads/ocorrencia_605.jpg,Média,Secretaria de Obras,Equipe 01,5,Resolvida,2025-01-18,Drenagem desobstruída e reparada,2025-01-20,2,Serviço concluído e área liberada.
606,Alagamento,"Rua XV de Novembro, 848",Vila Esperança,-25.466485,-49.256735,2024-01-03,03:35,Ponto da via apresenta acúmulo de água após chuva.,/uploads/ocorrencia_606.jpg,Média,Secretaria de Obras,Equipe 10,5,Resolvida,2024-01-03,Drenagem desobstruída e reparada,2024-01-05,2,Necessária vistoria técnica antes do atendimento.
607,Placa danificada,"Avenida Curitiba, 864",São Lucas,-25.416556,-49.362754,2025-09-12,04:48,Placa de sinalização danificada ou ilegível.,/uploads/ocorrencia_607.jpg,Média,Secretaria de Trânsito,Equipe 12,3,Resolvida,2025-09-13,Placa substituída,2025-09-15,3,Serviço concluído e área liberada.
608,Iluminação pública,"Rua das Palmeiras, 248",São Lucas,-25.494525,-49.377868,2024-12-13,17:02,Poste com iluminação defeituosa ou apagada.,/uploads/ocorrencia_608.jpg,Alta,Secretaria de Serviços Públicos,Equipe 03,3,Resolvida,2024-12-15,Lâmpada e componentes elétricos substituídos,2024-12-15,2,Atendimento realizado dentro do prazo.
609,Alagamento,"Avenida Brasil, 207",Bairro Novo,-25.449472,-49.395334,2025-07-08,18:48,Ponto da via apresenta acúmulo de água após chuva.,/uploads/ocorrencia_609.jpg,Alta,Secretaria de Obras,Equipe 11,1,Resolvida,2025-07-09,Drenagem desobstruída e reparada,2025-07-09,1,Problema solucionado após intervenção da equipe.
610,Lixo acumulado,"Avenida Central, 815",Centro,-25.388616,-49.248286,2026-04-29,22:53,Acúmulo de resíduos em área pública.,/uploads/ocorrencia_610.jpg,Baixa,Secretaria de Limpeza,Equipe 07,10,Resolvida,2026-04-29,Resíduos recolhidos e área limpa,2026-05-07,8,Problema solucionado após intervenção da equipe.
611,Buraco na rua,"Rua das Flores, 358",Vila Nova,-25.498564,-49.371339,2025-02-28,00:55,"Buraco identificado na via, oferecendo risco aos veículos.",/uploads/ocorrencia_611.jpg,Média,Secretaria de Obras,Equipe 02,7,Resolvida,2025-03-01,Buraco preenchido e via recapeada,2025-03-04,4,Problema solucionado após intervenção da equipe.
612,Lixo acumulado,"Rua XV de Novembro, 197",Jardim das Flores,-25.538217,-49.159719,2024-04-01,04:19,Acúmulo de resíduos em área pública.,/uploads/ocorrencia_612.jpg,Baixa,Secretaria de Limpeza,Equipe 03,7,Resolvida,2024-04-01,Resíduos recolhidos e área limpa,2024-04-07,6,Atendimento realizado dentro do prazo.
613,Buraco na rua,"Rua das Palmeiras, 111",Jardim das Flores,-25.539624,-49.340094,2025-02-26,10:16,"Buraco identificado na via, oferecendo risco aos veículos.",/uploads/ocorrencia_613.jpg,Baixa,Secretaria de Obras,Equipe 10,7,Resolvida,2025-02-26,Buraco preenchido e via recapeada,2025-03-05,7,Problema solucionado após intervenção da equipe.
614,Calçada quebrada,"Rua das Palmeiras, 982",Vila Nova,-25.453166,-49.298127,2024-03-03,10:29,"Trecho da calçada danificado, dificultando a passagem.",/uploads/ocorrencia_614.jpg,Baixa,Secretaria de Obras,Equipe 04,10,Resolvida,2024-03-03,Calçada reparada,2024-03-10,7,Atendimento realizado dentro do prazo.
615,Alagamento,"Rua Paraná, 791",Bairro Novo,-25.533218,-49.24105,2026-03-15,04:19,Ponto da via apresenta acúmulo de água após chuva.,/uploads/ocorrencia_615.jpg,Média,Secretaria de Obras,Equipe 04,7,Resolvida,2026-03-16,Drenagem desobstruída e reparada,2026-03-20,5,Ocorrência encaminhada para equipe responsável.
616,Placa danificada,"Rua Paraná, 560",Jardim América,-25.49215,-49.15698,2025-07-22,14:02,Placa de sinalização danificada ou ilegível.,/uploads/ocorrencia_616.jpg,Alta,Secretaria de Trânsito,Equipe 01,1,Resolvida,2025-07-24,Placa substituída,2025-07-23,1,Atendimento realizado dentro do prazo.
617,Vazamento de água,"Avenida Central, 869",Jardim das Flores,-25.540903,-49.215204,2024-12-25,20:13,Vazamento de água identificado na via pública.,/uploads/ocorrencia_617.jpg,Média,Serviço de Abastecimento de Água,Equipe 10,7,Resolvida,2024-12-26,Vazamento reparado,2024-12-31,6,Atendimento realizado dentro do prazo.
618,Alagamento,"Rua das Palmeiras, 725",Bairro Novo,-25.427911,-49.160646,2024-05-23,23:35,Ponto da via apresenta acúmulo de água após chuva.,/uploads/ocorrencia_618.jpg,Baixa,Secretaria de Obras,Equipe 06,7,Resolvida,2024-05-23,Drenagem desobstruída e reparada,2024-05-27,4,Serviço concluído e área liberada.
619,Alagamento,"Avenida Central, 261",Vila Nova,-25.367196,-49.366569,2024-11-25,10:13,Ponto da via apresenta acúmulo de água após chuva.,/uploads/ocorrencia_619.jpg,Média,Secretaria de Obras,Equipe 15,5,Resolvida,2024-11-25,Drenagem desobstruída e reparada,2024-11-29,4,Atendimento realizado dentro do prazo.
620,Vazamento de água,"Rua das Flores, 698",Centro,-25.442374,-49.203174,2025-07-23,22:45,Vazamento de água identificado na via pública.,/uploads/ocorrencia_620.jpg,Baixa,Serviço de Abastecimento de Água,Equipe 11,7,Resolvida,2025-07-24,Vazamento reparado,2025-07-30,7,Atendimento realizado dentro do prazo.
621,Semáforo com defeito,"Avenida Curitiba, 698",Centro,-25.514563,-49.208009,2026-04-12,12:52,Semáforo apresenta falha no funcionamento.,/uploads/ocorrencia_621.jpg,Baixa,Secretaria de Trânsito,Equipe 12,10,Resolvida,2026-04-13,Semáforo reparado,2026-04-18,6,Atendimento realizado dentro do prazo.
622,Iluminação pública,"Rua São José, 968",Vila Nova,-25.36572,-49.310545,2024-01-10,07:47,Poste com iluminação defeituosa ou apagada.,/uploads/ocorrencia_622.jpg,Baixa,Secretaria de Serviços Públicos,Equipe 02,5,Resolvida,2024-01-12,Lâmpada e componentes elétricos substituídos,2024-01-13,3,Problema solucionado após intervenção da equipe.
623,Alagamento,"Rua Paraná, 515",Vila Esperança,-25.508183,-49.350978,2024-02-07,08:31,Ponto da via apresenta acúmulo de água após chuva.,/uploads/ocorrencia_623.jpg,Alta,Secretaria de Obras,Equipe 14,3,Resolvida,2024-02-09,Drenagem desobstruída e reparada,2024-02-10,3,Necessária vistoria técnica antes do atendimento.
624,Iluminação pública,"Avenida Curitiba, 184",Jardim das Flores,-25.436972,-49.38366,2025-11-06,23:36,Poste com iluminação defeituosa ou apagada.,/uploads/ocorrencia_624.jpg,Média,Secretaria de Serviços Públicos,Equipe 03,7,Resolvida,2025-11-08,Lâmpada e componentes elétricos substituídos,2025-11-13,7,Atendimento realizado dentro do prazo.
625,Lixo acumulado,"Rua Paraná, 912",Jardim das Flores,-25.414453,-49.246386,2026-03-12,08:12,Acúmulo de resíduos em área pública.,/uploads/ocorrencia_625.jpg,Média,Secretaria de Limpeza,Equipe 11,7,Resolvida,2026-03-14,Resíduos recolhidos e área limpa,2026-03-14,2,Problema solucionado após intervenção da equipe.
626,Vazamento de água,"Rua das Palmeiras, 666",Centro,-25.495193,-49.229957,2025-10-27,01:54,Vazamento de água identificado na via pública.,/uploads/ocorrencia_626.jpg,Média,Serviço de Abastecimento de Água,Equipe 08,5,Resolvida,2025-10-28,Vazamento reparado,2025-11-01,5,Necessária vistoria técnica antes do atendimento.
627,Placa danificada,"Rua Paraná, 58",Centro,-25.511078,-49.379548,2025-03-06,17:28,Placa de sinalização danificada ou ilegível.,/uploads/ocorrencia_627.jpg,Baixa,Secretaria de Trânsito,Equipe 10,7,Resolvida,2025-03-07,Placa substituída,2025-03-07,1,Atendimento realizado dentro do prazo.
628,Calçada quebrada,"Avenida Brasil, 949",São Lucas,-25.454007,-49.197985,2024-06-17,10:19,"Trecho da calçada danificado, dificultando a passagem.",/uploads/ocorrencia_628.jpg,Baixa,Secretaria de Obras,Equipe 10,5,Resolvida,2024-06-17,Calçada reparada,2024-06-18,1,Serviço concluído e área liberada.
629,Alagamento,"Avenida Brasil, 494",Vila Esperança,-25.36129,-49.206063,2024-12-14,01:52,Ponto da via apresenta acúmulo de água após chuva.,/uploads/ocorrencia_629.jpg,Baixa,Secretaria de Obras,Equipe 10,7,Resolvida,2024-12-14,Drenagem desobstruída e reparada,2024-12-19,5,Necessária vistoria técnica antes do atendimento.
630,Iluminação pública,"Avenida Brasil, 97",Vila Nova,-25.5376,-49.199403,2024-02-04,12:20,Poste com iluminação defeituosa ou apagada.,/uploads/ocorrencia_630.jpg,Alta,Secretaria de Serviços Públicos,Equipe 01,3,Resolvida,2024-02-04,Lâmpada e componentes elétricos substituídos,2024-02-05,1,Serviço concluído e área liberada.
631,Árvore caída,"Avenida Brasil, 703",Bairro Novo,-25.42654,-49.297223,2024-02-23,09:54,Árvore caída ocupando parte da via ou calçada.,/uploads/ocorrencia_631.jpg,Baixa,Secretaria de Meio Ambiente,Equipe 14,7,Resolvida,2024-02-23,Árvore removida e área liberada,2024-02-27,4,Problema solucionado após intervenção da equipe.
632,Buraco na rua,"Rua das Palmeiras, 485",Vila Nova,-25.446557,-49.253047,2025-09-27,19:06,"Buraco identificado na via, oferecendo risco aos veículos.",/uploads/ocorrencia_632.jpg,Média,Secretaria de Obras,Equipe 02,5,Resolvida,2025-09-28,Buraco preenchido e via recapeada,2025-09-29,2,Atendimento realizado dentro do prazo.
633,Buraco na rua,"Rua Paraná, 936",Bairro Novo,-25.405075,-49.288844,2025-10-14,16:16,"Buraco identificado na via, oferecendo risco aos veículos.",/uploads/ocorrencia_633.jpg,Média,Secretaria de Obras,Equipe 04,5,Resolvida,2025-10-15,Buraco preenchido e via recapeada,2025-10-19,5,Ocorrência encaminhada para equipe responsável.
634,Buraco na rua,"Rua XV de Novembro, 329",Centro,-25.372956,-49.206126,2025-06-09,20:48,"Buraco identificado na via, oferecendo risco aos veículos.",/uploads/ocorrencia_634.jpg,Média,Secretaria de Obras,Equipe 03,5,Resolvida,2025-06-11,Buraco preenchido e via recapeada,2025-06-13,4,Necessária vistoria técnica antes do atendimento.
635,Alagamento,"Avenida Central, 387",Boa Vista,-25.502523,-49.195204,2025-06-14,18:42,Ponto da via apresenta acúmulo de água após chuva.,/uploads/ocorrencia_635.jpg,Alta,Secretaria de Obras,Equipe 09,3,Resolvida,2025-06-14,Drenagem desobstruída e reparada,2025-06-15,1,Atendimento realizado dentro do prazo.
636,Árvore caída,"Rua Paraná, 215",Boa Vista,-25.411632,-49.283149,2024-07-25,02:21,Árvore caída ocupando parte da via ou calçada.,/uploads/ocorrencia_636.jpg,Média,Secretaria de Meio Ambiente,Equipe 12,3,Resolvida,2024-07-27,Árvore removida e área liberada,2024-07-28,3,Serviço concluído e área liberada.
637,Placa danificada,"Rua das Palmeiras, 346",Jardim das Flores,-25.505395,-49.342431,2025-04-10,01:31,Placa de sinalização danificada ou ilegível.,/uploads/ocorrencia_637.jpg,Baixa,Secretaria de Trânsito,Equipe 10,5,Resolvida,2025-04-12,Placa substituída,2025-04-11,1,Ocorrência encaminhada para equipe responsável.
638,Calçada quebrada,"Rua São José, 836",Vila Nova,-25.535254,-49.392496,2024-07-29,12:11,"Trecho da calçada danificado, dificultando a passagem.",/uploads/ocorrencia_638.jpg,Média,Secretaria de Obras,Equipe 02,3,Resolvida,2024-07-29,Calçada reparada,2024-08-01,3,Ocorrência encaminhada para equipe responsável.
639,Alagamento,"Rua Paraná, 656",Vila Nova,-25.49318,-49.345264,2026-02-22,11:02,Ponto da via apresenta acúmulo de água após chuva.,/uploads/ocorrencia_639.jpg,Média,Secretaria de Obras,Equipe 05,3,Resolvida,2026-02-22,Drenagem desobstruída e reparada,2026-02-24,2,Ocorrência encaminhada para equipe responsável.
640,Placa danificada,"Rua XV de Novembro, 210",Vila Esperança,-25.522551,-49.236283,2026-05-13,08:58,Placa de sinalização danificada ou ilegível.,/uploads/ocorrencia_640.jpg,Baixa,Secretaria de Trânsito,Equipe 15,5,Resolvida,2026-05-15,Placa substituída,2026-05-14,1,Atendimento realizado dentro do prazo.
641,Placa danificada,"Avenida Central, 477",Vila Esperança,-25.373667,-49.180403,2026-04-08,11:42,Placa de sinalização danificada ou ilegível.,/uploads/ocorrencia_641.jpg,Baixa,Secretaria de Trânsito,Equipe 02,5,Resolvida,2026-04-10,Placa substituída,2026-04-13,5,Atendimento realizado dentro do prazo.
642,Lixo acumulado,"Rua Paraná, 206",Jardim América,-25.50109,-49.388451,2025-12-12,11:20,Acúmulo de resíduos em área pública.,/uploads/ocorrencia_642.jpg,Média,Secretaria de Limpeza,Equipe 10,7,Resolvida,2025-12-14,Resíduos recolhidos e área limpa,2025-12-17,5,Problema solucionado após intervenção da equipe.
643,Calçada quebrada,"Rua XV de Novembro, 345",Jardim das Flores,-25.372833,-49.347691,2025-10-06,08:55,"Trecho da calçada danificado, dificultando a passagem.",/uploads/ocorrencia_643.jpg,Baixa,Secretaria de Obras,Equipe 02,5,Resolvida,2025-10-08,Calçada reparada,2025-10-11,5,Necessária vistoria técnica antes do atendimento.
644,Iluminação pública,"Rua das Palmeiras, 779",Jardim América,-25.485635,-49.30653,2026-02-08,16:23,Poste com iluminação defeituosa ou apagada.,/uploads/ocorrencia_644.jpg,Alta,Secretaria de Serviços Públicos,Equipe 12,2,Resolvida,2026-02-08,Lâmpada e componentes elétricos substituídos,2026-02-10,2,Necessária vistoria técnica antes do atendimento.
645,Vazamento de água,"Avenida Central, 605",Vila Nova,-25.371023,-49.28698,2026-03-20,18:41,Vazamento de água identificado na via pública.,/uploads/ocorrencia_645.jpg,Média,Serviço de Abastecimento de Água,Equipe 04,3,Resolvida,2026-03-20,Vazamento reparado,2026-03-22,2,Necessária vistoria técnica antes do atendimento.
646,Calçada quebrada,"Rua das Palmeiras, 920",Jardim das Flores,-25.399675,-49.326238,2024-06-09,11:16,"Trecho da calçada danificado, dificultando a passagem.",/uploads/ocorrencia_646.jpg,Média,Secretaria de Obras,Equipe 09,7,Resolvida,2024-06-09,Calçada reparada,2024-06-11,2,Serviço concluído e área liberada.
647,Calçada quebrada,"Avenida Curitiba, 534",Centro,-25.389099,-49.320745,2025-03-12,14:29,"Trecho da calçada danificado, dificultando a passagem.",/uploads/ocorrencia_647.jpg,Média,Secretaria de Obras,Equipe 07,5,Resolvida,2025-03-13,Calçada reparada,2025-03-17,5,Atendimento realizado dentro do prazo.
648,Lixo acumulado,"Rua Paraná, 281",Vila Nova,-25.421269,-49.203532,2025-01-02,02:18,Acúmulo de resíduos em área pública.,/uploads/ocorrencia_648.jpg,Média,Secretaria de Limpeza,Equipe 15,7,Resolvida,2025-01-04,Resíduos recolhidos e área limpa,2025-01-08,6,Ocorrência encaminhada para equipe responsável.
649,Iluminação pública,"Avenida Brasil, 378",Bairro Novo,-25.489457,-49.196109,2024-07-24,10:12,Poste com iluminação defeituosa ou apagada.,/uploads/ocorrencia_649.jpg,Baixa,Secretaria de Serviços Públicos,Equipe 11,10,Resolvida,2024-07-25,Lâmpada e componentes elétricos substituídos,2024-07-30,6,Serviço concluído e área liberada.
650,Calçada quebrada,"Avenida Central, 18",Jardim América,-25.398439,-49.397027,2024-10-15,11:50,"Trecho da calçada danificado, dificultando a passagem.",/uploads/ocorrencia_650.jpg,Média,Secretaria de Obras,Equipe 11,5,Resolvida,2024-10-17,Calçada reparada,2024-10-20,5,Problema solucionado após intervenção da equipe.
651,Lixo acumulado,"Rua Paraná, 242",São Lucas,-25.398476,-49.219372,2024-08-02,15:14,Acúmulo de resíduos em área pública.,/uploads/ocorrencia_651.jpg,Média,Secretaria de Limpeza,Equipe 08,7,Resolvida,2024-08-04,Resíduos recolhidos e área limpa,2024-08-08,6,Serviço concluído e área liberada.
652,Iluminação pública,"Rua Paraná, 449",Boa Vista,-25.543979,-49.365262,2025-12-15,13:13,Poste com iluminação defeituosa ou apagada.,/uploads/ocorrencia_652.jpg,Média,Secretaria de Serviços Públicos,Equipe 14,5,Resolvida,2025-12-17,Lâmpada e componentes elétricos substituídos,2025-12-20,5,Ocorrência encaminhada para equipe responsável.
653,Alagamento,"Avenida Curitiba, 839",Centro,-25.399475,-49.20929,2024-12-29,10:14,Ponto da via apresenta acúmulo de água após chuva.,/uploads/ocorrencia_653.jpg,Média,Secretaria de Obras,Equipe 12,5,Resolvida,2024-12-31,Drenagem desobstruída e reparada,2025-01-03,5,Problema solucionado após intervenção da equipe.
654,Alagamento,"Rua das Flores, 591",Boa Vista,-25.36725,-49.25653,2024-05-22,04:21,Ponto da via apresenta acúmulo de água após chuva.,/uploads/ocorrencia_654.jpg,Média,Secretaria de Obras,Equipe 07,7,Resolvida,2024-05-24,Drenagem desobstruída e reparada,2024-05-29,7,Necessária vistoria técnica antes do atendimento.
655,Calçada quebrada,"Avenida Brasil, 557",São Lucas,-25.371051,-49.37669,2025-05-01,03:21,"Trecho da calçada danificado, dificultando a passagem.",/uploads/ocorrencia_655.jpg,Média,Secretaria de Obras,Equipe 02,7,Resolvida,2025-05-03,Calçada reparada,2025-05-06,5,Problema solucionado após intervenção da equipe.
656,Lixo acumulado,"Avenida Curitiba, 37",Centro,-25.418086,-49.382505,2024-03-12,12:18,Acúmulo de resíduos em área pública.,/uploads/ocorrencia_656.jpg,Baixa,Secretaria de Limpeza,Equipe 01,5,Resolvida,2024-03-13,Resíduos recolhidos e área limpa,2024-03-14,2,Serviço concluído e área liberada.
657,Semáforo com defeito,"Rua XV de Novembro, 344",Centro,-25.466317,-49.214214,2025-02-24,12:10,Semáforo apresenta falha no funcionamento.,/uploads/ocorrencia_657.jpg,Alta,Secretaria de Trânsito,Equipe 07,1,Resolvida,2025-02-26,Semáforo reparado,2025-02-25,1,Ocorrência encaminhada para equipe responsável.
658,Lixo acumulado,"Avenida Central, 452",Vila Esperança,-25.432502,-49.274381,2025-11-11,15:10,Acúmulo de resíduos em área pública.,/uploads/ocorrencia_658.jpg,Alta,Secretaria de Limpeza,Equipe 11,3,Resolvida,2025-11-12,Resíduos recolhidos e área limpa,2025-11-14,3,Necessária vistoria técnica antes do atendimento.
659,Alagamento,"Rua das Flores, 156",Vila Esperança,-25.374152,-49.284949,2026-04-24,12:38,Ponto da via apresenta acúmulo de água após chuva.,/uploads/ocorrencia_659.jpg,Média,Secretaria de Obras,Equipe 10,3,Resolvida,2026-04-26,Drenagem desobstruída e reparada,2026-04-27,3,Atendimento realizado dentro do prazo.
660,Iluminação pública,"Avenida Curitiba, 365",Jardim das Flores,-25.500173,-49.175009,2025-12-29,09:25,Poste com iluminação defeituosa ou apagada.,/uploads/ocorrencia_660.jpg,Média,Secretaria de Serviços Públicos,Equipe 12,7,Resolvida,2025-12-30,Lâmpada e componentes elétricos substituídos,2026-01-01,3,Necessária vistoria técnica antes do atendimento.
661,Vazamento de água,"Rua XV de Novembro, 725",São Lucas,-25.373489,-49.265566,2025-02-06,22:02,Vazamento de água identificado na via pública.,/uploads/ocorrencia_661.jpg,Média,Serviço de Abastecimento de Água,Equipe 11,3,Resolvida,2025-02-07,Vazamento reparado,2025-02-08,2,Atendimento realizado dentro do prazo.
662,Calçada quebrada,"Rua das Palmeiras, 790",Vila Nova,-25.459813,-49.336808,2025-01-12,02:48,"Trecho da calçada danificado, dificultando a passagem.",/uploads/ocorrencia_662.jpg,Média,Secretaria de Obras,Equipe 09,3,Resolvida,2025-01-13,Calçada reparada,2025-01-15,3,Atendimento realizado dentro do prazo.
663,Vazamento de água,"Avenida Brasil, 664",Centro,-25.470665,-49.397316,2026-02-06,14:24,Vazamento de água identificado na via pública.,/uploads/ocorrencia_663.jpg,Média,Serviço de Abastecimento de Água,Equipe 02,5,Resolvida,2026-02-06,Vazamento reparado,2026-02-11,5,Ocorrência encaminhada para equipe responsável.
664,Placa danificada,"Avenida Curitiba, 482",Vila Nova,-25.455842,-49.330215,2025-07-15,21:15,Placa de sinalização danificada ou ilegível.,/uploads/ocorrencia_664.jpg,Baixa,Secretaria de Trânsito,Equipe 03,10,Resolvida,2025-07-15,Placa substituída,2025-07-23,8,Ocorrência encaminhada para equipe responsável.
665,Buraco na rua,"Rua XV de Novembro, 311",Bairro Novo,-25.49535,-49.289836,2026-01-29,12:10,"Buraco identificado na via, oferecendo risco aos veículos.",/uploads/ocorrencia_665.jpg,Baixa,Secretaria de Obras,Equipe 03,5,Resolvida,2026-01-31,Buraco preenchido e via recapeada,2026-01-30,1,Ocorrência encaminhada para equipe responsável.
666,Buraco na rua,"Avenida Curitiba, 723",Vila Esperança,-25.411931,-49.289003,2025-10-12,16:41,"Buraco identificado na via, oferecendo risco aos veículos.",/uploads/ocorrencia_666.jpg,Baixa,Secretaria de Obras,Equipe 10,10,Resolvida,2025-10-13,Buraco preenchido e via recapeada,2025-10-14,2,Atendimento realizado dentro do prazo.
667,Buraco na rua,"Rua Paraná, 961",São Lucas,-25.352142,-49.315721,2024-09-01,06:05,"Buraco identificado na via, oferecendo risco aos veículos.",/uploads/ocorrencia_667.jpg,Baixa,Secretaria de Obras,Equipe 04,5,Resolvida,2024-09-01,Buraco preenchido e via recapeada,2024-09-05,4,Atendimento realizado dentro do prazo.
668,Calçada quebrada,"Rua XV de Novembro, 751",Bairro Novo,-25.424643,-49.243832,2025-03-01,16:06,"Trecho da calçada danificado, dificultando a passagem.",/uploads/ocorrencia_668.jpg,Baixa,Secretaria de Obras,Equipe 15,7,Resolvida,2025-03-03,Calçada reparada,2025-03-04,3,Problema solucionado após intervenção da equipe.
669,Árvore caída,"Avenida Brasil, 247",São Lucas,-25.486752,-49.302703,2024-12-31,10:11,Árvore caída ocupando parte da via ou calçada.,/uploads/ocorrencia_669.jpg,Baixa,Secretaria de Meio Ambiente,Equipe 08,5,Resolvida,2025-01-02,Árvore removida e área liberada,2025-01-04,4,Ocorrência encaminhada para equipe responsável.
670,Iluminação pública,"Rua São José, 54",Jardim das Flores,-25.407494,-49.202185,2024-08-11,13:19,Poste com iluminação defeituosa ou apagada.,/uploads/ocorrencia_670.jpg,Baixa,Secretaria de Serviços Públicos,Equipe 15,10,Resolvida,2024-08-11,Lâmpada e componentes elétricos substituídos,2024-08-19,8,Problema solucionado após intervenção da equipe.
671,Lixo acumulado,"Avenida Brasil, 624",Jardim das Flores,-25.514934,-49.209571,2025-10-08,22:24,Acúmulo de resíduos em área pública.,/uploads/ocorrencia_671.jpg,Baixa,Secretaria de Limpeza,Equipe 12,10,Resolvida,2025-10-09,Resíduos recolhidos e área limpa,2025-10-11,3,Serviço concluído e área liberada.
672,Vazamento de água,"Rua São José, 28",Bairro Novo,-25.503515,-49.253133,2025-08-22,14:24,Vazamento de água identificado na via pública.,/uploads/ocorrencia_672.jpg,Média,Serviço de Abastecimento de Água,Equipe 01,7,Resolvida,2025-08-24,Vazamento reparado,2025-08-29,7,Ocorrência encaminhada para equipe responsável.
673,Buraco na rua,"Avenida Central, 252",Bairro Novo,-25.475095,-49.325846,2026-02-14,07:39,"Buraco identificado na via, oferecendo risco aos veículos.",/uploads/ocorrencia_673.jpg,Média,Secretaria de Obras,Equipe 03,3,Resolvida,2026-02-14,Buraco preenchido e via recapeada,2026-02-16,2,Necessária vistoria técnica antes do atendimento.
674,Calçada quebrada,"Rua Paraná, 955",Centro,-25.486492,-49.203257,2025-03-30,23:56,"Trecho da calçada danificado, dificultando a passagem.",/uploads/ocorrencia_674.jpg,Média,Secretaria de Obras,Equipe 01,5,Resolvida,2025-03-31,Calçada reparada,2025-04-02,3,Problema solucionado após intervenção da equipe.
675,Árvore caída,"Rua das Flores, 244",Jardim das Flores,-25.352325,-49.199637,2024-12-05,10:15,Árvore caída ocupando parte da via ou calçada.,/uploads/ocorrencia_675.jpg,Alta,Secretaria de Meio Ambiente,Equipe 12,1,Resolvida,2024-12-07,Árvore removida e área liberada,2024-12-06,1,Ocorrência encaminhada para equipe responsável.
676,Árvore caída,"Rua XV de Novembro, 462",Boa Vista,-25.351597,-49.165431,2024-03-07,15:04,Árvore caída ocupando parte da via ou calçada.,/uploads/ocorrencia_676.jpg,Média,Secretaria de Meio Ambiente,Equipe 03,3,Resolvida,2024-03-09,Árvore removida e área liberada,2024-03-09,2,Atendimento realizado dentro do prazo.
677,Lixo acumulado,"Rua Paraná, 529",Vila Esperança,-25.465197,-49.248537,2026-01-12,14:19,Acúmulo de resíduos em área pública.,/uploads/ocorrencia_677.jpg,Baixa,Secretaria de Limpeza,Equipe 05,5,Resolvida,2026-01-12,Resíduos recolhidos e área limpa,2026-01-14,2,Serviço concluído e área liberada.
678,Vazamento de água,"Avenida Central, 893",Vila Esperança,-25.461725,-49.273677,2024-03-22,11:25,Vazamento de água identificado na via pública.,/uploads/ocorrencia_678.jpg,Média,Serviço de Abastecimento de Água,Equipe 12,5,Resolvida,2024-03-23,Vazamento reparado,2024-03-25,3,Necessária vistoria técnica antes do atendimento.
679,Lixo acumulado,"Rua das Flores, 790",Vila Nova,-25.40467,-49.335677,2026-05-24,02:48,Acúmulo de resíduos em área pública.,/uploads/ocorrencia_679.jpg,Média,Secretaria de Limpeza,Equipe 08,5,Resolvida,2026-05-26,Resíduos recolhidos e área limpa,2026-05-27,3,Serviço concluído e área liberada.
680,Vazamento de água,"Rua das Palmeiras, 585",Jardim das Flores,-25.519055,-49.352594,2024-03-14,10:08,Vazamento de água identificado na via pública.,/uploads/ocorrencia_680.jpg,Média,Serviço de Abastecimento de Água,Equipe 01,7,Resolvida,2024-03-14,Vazamento reparado,2024-03-19,5,Problema solucionado após intervenção da equipe.
681,Placa danificada,"Rua das Palmeiras, 957",Vila Nova,-25.42179,-49.252923,2025-02-08,23:23,Placa de sinalização danificada ou ilegível.,/uploads/ocorrencia_681.jpg,Média,Secretaria de Trânsito,Equipe 07,5,Resolvida,2025-02-09,Placa substituída,2025-02-13,5,Atendimento realizado dentro do prazo.
682,Iluminação pública,"Rua XV de Novembro, 208",São Lucas,-25.423004,-49.307955,2024-09-18,23:22,Poste com iluminação defeituosa ou apagada.,/uploads/ocorrencia_682.jpg,Média,Secretaria de Serviços Públicos,Equipe 01,7,Resolvida,2024-09-19,Lâmpada e componentes elétricos substituídos,2024-09-25,7,Necessária vistoria técnica antes do atendimento.
683,Árvore caída,"Rua Paraná, 499",Vila Esperança,-25.416865,-49.363029,2026-04-12,11:40,Árvore caída ocupando parte da via ou calçada.,/uploads/ocorrencia_683.jpg,Baixa,Secretaria de Meio Ambiente,Equipe 10,10,Resolvida,2026-04-14,Árvore removida e área liberada,2026-04-13,1,Necessária vistoria técnica antes do atendimento.
684,Lixo acumulado,"Rua Paraná, 626",Jardim das Flores,-25.407678,-49.303913,2025-11-09,05:00,Acúmulo de resíduos em área pública.,/uploads/ocorrencia_684.jpg,Média,Secretaria de Limpeza,Equipe 12,3,Resolvida,2025-11-11,Resíduos recolhidos e área limpa,2025-11-11,2,Problema solucionado após intervenção da equipe.
685,Iluminação pública,"Rua das Palmeiras, 179",Vila Esperança,-25.37267,-49.25348,2024-09-15,22:19,Poste com iluminação defeituosa ou apagada.,/uploads/ocorrencia_685.jpg,Alta,Secretaria de Serviços Públicos,Equipe 12,3,Resolvida,2024-09-17,Lâmpada e componentes elétricos substituídos,2024-09-18,3,Necessária vistoria técnica antes do atendimento.
686,Iluminação pública,"Rua São José, 843",Bairro Novo,-25.48838,-49.153244,2026-02-05,06:59,Poste com iluminação defeituosa ou apagada.,/uploads/ocorrencia_686.jpg,Baixa,Secretaria de Serviços Públicos,Equipe 14,10,Resolvida,2026-02-07,Lâmpada e componentes elétricos substituídos,2026-02-12,7,Necessária vistoria técnica antes do atendimento.
687,Buraco na rua,"Avenida Brasil, 802",Bairro Novo,-25.51472,-49.3534,2025-06-21,13:41,"Buraco identificado na via, oferecendo risco aos veículos.",/uploads/ocorrencia_687.jpg,Média,Secretaria de Obras,Equipe 03,5,Resolvida,2025-06-21,Buraco preenchido e via recapeada,2025-06-26,5,Ocorrência encaminhada para equipe responsável.
688,Vazamento de água,"Avenida Brasil, 471",Jardim América,-25.49813,-49.174432,2024-08-05,05:12,Vazamento de água identificado na via pública.,/uploads/ocorrencia_688.jpg,Média,Serviço de Abastecimento de Água,Equipe 07,3,Resolvida,2024-08-05,Vazamento reparado,2024-08-07,2,Necessária vistoria técnica antes do atendimento.
689,Iluminação pública,"Avenida Brasil, 310",Jardim América,-25.503044,-49.278701,2024-05-07,08:04,Poste com iluminação defeituosa ou apagada.,/uploads/ocorrencia_689.jpg,Baixa,Secretaria de Serviços Públicos,Equipe 13,7,Resolvida,2024-05-09,Lâmpada e componentes elétricos substituídos,2024-05-08,1,Atendimento realizado dentro do prazo.
690,Buraco na rua,"Avenida Central, 779",Centro,-25.445533,-49.398185,2025-11-12,18:50,"Buraco identificado na via, oferecendo risco aos veículos.",/uploads/ocorrencia_690.jpg,Alta,Secretaria de Obras,Equipe 10,1,Resolvida,2025-11-12,Buraco preenchido e via recapeada,2025-11-13,1,Problema solucionado após intervenção da equipe.
691,Alagamento,"Avenida Curitiba, 785",Vila Nova,-25.386631,-49.164752,2025-03-15,10:23,Ponto da via apresenta acúmulo de água após chuva.,/uploads/ocorrencia_691.jpg,Baixa,Secretaria de Obras,Equipe 11,10,Resolvida,2025-03-16,Drenagem desobstruída e reparada,2025-03-21,6,Necessária vistoria técnica antes do atendimento.
692,Árvore caída,"Rua São José, 904",Centro,-25.382916,-49.168741,2024-04-12,00:29,Árvore caída ocupando parte da via ou calçada.,/uploads/ocorrencia_692.jpg,Baixa,Secretaria de Meio Ambiente,Equipe 01,10,Resolvida,2024-04-14,Árvore removida e área liberada,2024-04-19,7,Problema solucionado após intervenção da equipe.
693,Iluminação pública,"Rua Paraná, 387",Jardim das Flores,-25.512413,-49.153455,2025-12-03,21:55,Poste com iluminação defeituosa ou apagada.,/uploads/ocorrencia_693.jpg,Média,Secretaria de Serviços Públicos,Equipe 14,5,Resolvida,2025-12-05,Lâmpada e componentes elétricos substituídos,2025-12-08,5,Serviço concluído e área liberada.
694,Buraco na rua,"Rua das Flores, 836",Boa Vista,-25.402159,-49.20151,2025-11-25,14:14,"Buraco identificado na via, oferecendo risco aos veículos.",/uploads/ocorrencia_694.jpg,Média,Secretaria de Obras,Equipe 06,7,Resolvida,2025-11-26,Buraco preenchido e via recapeada,2025-11-30,5,Necessária vistoria técnica antes do atendimento.
695,Vazamento de água,"Rua das Palmeiras, 310",Bairro Novo,-25.449073,-49.368035,2025-12-30,04:55,Vazamento de água identificado na via pública.,/uploads/ocorrencia_695.jpg,Média,Serviço de Abastecimento de Água,Equipe 13,7,Resolvida,2026-01-01,Vazamento reparado,2026-01-05,6,Atendimento realizado dentro do prazo.
696,Alagamento,"Rua XV de Novembro, 927",Vila Nova,-25.507672,-49.211687,2024-04-28,15:42,Ponto da via apresenta acúmulo de água após chuva.,/uploads/ocorrencia_696.jpg,Média,Secretaria de Obras,Equipe 11,7,Resolvida,2024-04-28,Drenagem desobstruída e reparada,2024-05-01,3,Atendimento realizado dentro do prazo.
697,Iluminação pública,"Rua das Flores, 174",São Lucas,-25.498474,-49.280924,2024-11-30,12:49,Poste com iluminação defeituosa ou apagada.,/uploads/ocorrencia_697.jpg,Alta,Secretaria de Serviços Públicos,Equipe 15,2,Resolvida,2024-12-02,Lâmpada e componentes elétricos substituídos,2024-12-01,1,Atendimento realizado dentro do prazo.
698,Lixo acumulado,"Avenida Brasil, 824",Vila Nova,-25.421203,-49.305747,2026-06-11,07:59,Acúmulo de resíduos em área pública.,/uploads/ocorrencia_698.jpg,Média,Secretaria de Limpeza,Equipe 12,7,Resolvida,2026-06-11,Resíduos recolhidos e área limpa,2026-06-17,6,Necessária vistoria técnica antes do atendimento.
699,Semáforo com defeito,"Rua Paraná, 238",São Lucas,-25.43156,-49.352961,2024-10-24,02:07,Semáforo apresenta falha no funcionamento.,/uploads/ocorrencia_699.jpg,Baixa,Secretaria de Trânsito,Equipe 02,5,Resolvida,2024-10-26,Semáforo reparado,2024-10-27,3,Problema solucionado após intervenção da equipe.
700,Placa danificada,"Rua São José, 986",Jardim América,-25.35403,-49.320089,2026-01-24,00:19,Placa de sinalização danificada ou ilegível.,/uploads/ocorrencia_700.jpg,Média,Secretaria de Trânsito,Equipe 06,3,Resolvida,2026-01-25,Placa substituída,2026-01-26,2,Ocorrência encaminhada para equipe responsável.
701,Semáforo com defeito,"Avenida Brasil, 414",Vila Esperança,-25.450033,-49.286054,2026-05-22,14:20,Semáforo apresenta falha no funcionamento.,/uploads/ocorrencia_701.jpg,Baixa,Secretaria de Trânsito,Equipe 10,5,Resolvida,2026-05-22,Semáforo reparado,2026-05-25,3,Serviço concluído e área liberada.
702,Lixo acumulado,"Rua São José, 326",Centro,-25.423785,-49.346074,2025-12-06,03:17,Acúmulo de resíduos em área pública.,/uploads/ocorrencia_702.jpg,Média,Secretaria de Limpeza,Equipe 05,7,Resolvida,2025-12-07,Resíduos recolhidos e área limpa,2025-12-12,6,Necessária vistoria técnica antes do atendimento.
703,Buraco na rua,"Rua XV de Novembro, 857",Boa Vista,-25.378644,-49.218151,2026-05-18,23:59,"Buraco identificado na via, oferecendo risco aos veículos.",/uploads/ocorrencia_703.jpg,Média,Secretaria de Obras,Equipe 05,3,Resolvida,2026-05-18,Buraco preenchido e via recapeada,2026-05-20,2,Ocorrência encaminhada para equipe responsável.
704,Buraco na rua,"Rua São José, 442",São Lucas,-25.410725,-49.351227,2024-12-22,12:25,"Buraco identificado na via, oferecendo risco aos veículos.",/uploads/ocorrencia_704.jpg,Média,Secretaria de Obras,Equipe 14,3,Resolvida,2024-12-23,Buraco preenchido e via recapeada,2024-12-25,3,Problema solucionado após intervenção da equipe.
705,Árvore caída,"Rua XV de Novembro, 341",Bairro Novo,-25.419073,-49.255711,2025-08-17,01:54,Árvore caída ocupando parte da via ou calçada.,/uploads/ocorrencia_705.jpg,Média,Secretaria de Meio Ambiente,Equipe 08,7,Resolvida,2025-08-18,Árvore removida e área liberada,2025-08-21,4,Necessária vistoria técnica antes do atendimento.
706,Alagamento,"Rua Paraná, 233",Jardim América,-25.378772,-49.374513,2024-07-19,23:41,Ponto da via apresenta acúmulo de água após chuva.,/uploads/ocorrencia_706.jpg,Alta,Secretaria de Obras,Equipe 13,1,Resolvida,2024-07-21,Drenagem desobstruída e reparada,2024-07-20,1,Ocorrência encaminhada para equipe responsável.
707,Árvore caída,"Rua XV de Novembro, 958",São Lucas,-25.41998,-49.251652,2024-12-30,15:11,Árvore caída ocupando parte da via ou calçada.,/uploads/ocorrencia_707.jpg,Baixa,Secretaria de Meio Ambiente,Equipe 03,5,Resolvida,2025-01-01,Árvore removida e área liberada,2024-12-31,1,Necessária vistoria técnica antes do atendimento.
708,Calçada quebrada,"Avenida Brasil, 256",Centro,-25.351767,-49.232316,2024-11-05,22:38,"Trecho da calçada danificado, dificultando a passagem.",/uploads/ocorrencia_708.jpg,Média,Secretaria de Obras,Equipe 02,3,Resolvida,2024-11-07,Calçada reparada,2024-11-08,3,Necessária vistoria técnica antes do atendimento.
709,Árvore caída,"Avenida Curitiba, 386",Jardim das Flores,-25.368304,-49.343766,2024-04-29,02:07,Árvore caída ocupando parte da via ou calçada.,/uploads/ocorrencia_709.jpg,Baixa,Secretaria de Meio Ambiente,Equipe 10,7,Resolvida,2024-05-01,Árvore removida e área liberada,2024-05-05,6,Problema solucionado após intervenção da equipe.
710,Vazamento de água,"Avenida Brasil, 823",Jardim das Flores,-25.435715,-49.37514,2025-01-28,15:41,Vazamento de água identificado na via pública.,/uploads/ocorrencia_710.jpg,Média,Serviço de Abastecimento de Água,Equipe 02,7,Resolvida,2025-01-29,Vazamento reparado,2025-02-02,5,Problema solucionado após intervenção da equipe.
711,Lixo acumulado,"Rua das Flores, 413",São Lucas,-25.356864,-49.175599,2025-07-03,16:31,Acúmulo de resíduos em área pública.,/uploads/ocorrencia_711.jpg,Média,Secretaria de Limpeza,Equipe 03,3,Resolvida,2025-07-03,Resíduos recolhidos e área limpa,2025-07-05,2,Problema solucionado após intervenção da equipe.
712,Lixo acumulado,"Avenida Curitiba, 829",Centro,-25.437501,-49.187137,2024-02-10,04:36,Acúmulo de resíduos em área pública.,/uploads/ocorrencia_712.jpg,Baixa,Secretaria de Limpeza,Equipe 01,5,Resolvida,2024-02-10,Resíduos recolhidos e área limpa,2024-02-12,2,Atendimento realizado dentro do prazo.
713,Iluminação pública,"Rua São José, 999",Jardim das Flores,-25.360757,-49.270139,2025-03-09,21:00,Poste com iluminação defeituosa ou apagada.,/uploads/ocorrencia_713.jpg,Média,Secretaria de Serviços Públicos,Equipe 13,3,Resolvida,2025-03-09,Lâmpada e componentes elétricos substituídos,2025-03-12,3,Serviço concluído e área liberada.
714,Semáforo com defeito,"Rua XV de Novembro, 600",Vila Nova,-25.530198,-49.195059,2024-11-16,16:58,Semáforo apresenta falha no funcionamento.,/uploads/ocorrencia_714.jpg,Média,Secretaria de Trânsito,Equipe 04,5,Resolvida,2024-11-18,Semáforo reparado,2024-11-19,3,Atendimento realizado dentro do prazo.
715,Calçada quebrada,"Avenida Central, 886",Jardim América,-25.524302,-49.244422,2024-05-17,19:35,"Trecho da calçada danificado, dificultando a passagem.",/uploads/ocorrencia_715.jpg,Alta,Secretaria de Obras,Equipe 02,1,Resolvida,2024-05-18,Calçada reparada,2024-05-18,1,Problema solucionado após intervenção da equipe.
716,Alagamento,"Rua das Palmeiras, 675",Jardim das Flores,-25.521351,-49.349059,2025-02-13,14:05,Ponto da via apresenta acúmulo de água após chuva.,/uploads/ocorrencia_716.jpg,Alta,Secretaria de Obras,Equipe 11,2,Resolvida,2025-02-15,Drenagem desobstruída e reparada,2025-02-15,2,Serviço concluído e área liberada.
717,Calçada quebrada,"Rua XV de Novembro, 439",Boa Vista,-25.495975,-49.267132,2024-11-19,13:24,"Trecho da calçada danificado, dificultando a passagem.",/uploads/ocorrencia_717.jpg,Alta,Secretaria de Obras,Equipe 11,1,Resolvida,2024-11-19,Calçada reparada,2024-11-20,1,Problema solucionado após intervenção da equipe.
718,Árvore caída,"Rua São José, 665",Bairro Novo,-25.530411,-49.155129,2024-12-07,08:09,Árvore caída ocupando parte da via ou calçada.,/uploads/ocorrencia_718.jpg,Baixa,Secretaria de Meio Ambiente,Equipe 04,5,Resolvida,2024-12-07,Árvore removida e área liberada,2024-12-10,3,Necessária vistoria técnica antes do atendimento.
719,Iluminação pública,"Rua XV de Novembro, 549",Bairro Novo,-25.48022,-49.25696,2024-11-09,18:52,Poste com iluminação defeituosa ou apagada.,/uploads/ocorrencia_719.jpg,Média,Secretaria de Serviços Públicos,Equipe 05,5,Resolvida,2024-11-11,Lâmpada e componentes elétricos substituídos,2024-11-11,2,Problema solucionado após intervenção da equipe.
720,Alagamento,"Rua das Flores, 184",Bairro Novo,-25.414438,-49.202813,2026-02-08,12:11,Ponto da via apresenta acúmulo de água após chuva.,/uploads/ocorrencia_720.jpg,Baixa,Secretaria de Obras,Equipe 09,7,Resolvida,2026-02-10,Drenagem desobstruída e reparada,2026-02-15,7,Problema solucionado após intervenção da equipe.
721,Árvore caída,"Rua XV de Novembro, 275",Vila Nova,-25.47424,-49.216144,2025-06-09,22:09,Árvore caída ocupando parte da via ou calçada.,/uploads/ocorrencia_721.jpg,Baixa,Secretaria de Meio Ambiente,Equipe 01,10,Resolvida,2025-06-09,Árvore removida e área liberada,2025-06-12,3,Serviço concluído e área liberada.
722,Calçada quebrada,"Avenida Curitiba, 197",São Lucas,-25.445881,-49.220383,2024-12-28,14:32,"Trecho da calçada danificado, dificultando a passagem.",/uploads/ocorrencia_722.jpg,Média,Secretaria de Obras,Equipe 15,5,Resolvida,2024-12-29,Calçada reparada,2025-01-01,4,Ocorrência encaminhada para equipe responsável.
723,Alagamento,"Avenida Central, 426",Bairro Novo,-25.501993,-49.376592,2026-05-15,02:40,Ponto da via apresenta acúmulo de água após chuva.,/uploads/ocorrencia_723.jpg,Média,Secretaria de Obras,Equipe 10,3,Resolvida,2026-05-17,Drenagem desobstruída e reparada,2026-05-17,2,Atendimento realizado dentro do prazo.
724,Iluminação pública,"Avenida Curitiba, 837",Jardim das Flores,-25.450439,-49.22872,2025-03-10,21:32,Poste com iluminação defeituosa ou apagada.,/uploads/ocorrencia_724.jpg,Alta,Secretaria de Serviços Públicos,Equipe 11,3,Resolvida,2025-03-11,Lâmpada e componentes elétricos substituídos,2025-03-11,1,Problema solucionado após intervenção da equipe.
725,Iluminação pública,"Rua das Flores, 641",São Lucas,-25.443135,-49.313735,2026-05-01,23:00,Poste com iluminação defeituosa ou apagada.,/uploads/ocorrencia_725.jpg,Baixa,Secretaria de Serviços Públicos,Equipe 12,10,Resolvida,2026-05-03,Lâmpada e componentes elétricos substituídos,2026-05-08,7,Problema solucionado após intervenção da equipe.
726,Buraco na rua,"Rua XV de Novembro, 700",Vila Nova,-25.47659,-49.36667,2026-02-21,16:57,"Buraco identificado na via, oferecendo risco aos veículos.",/uploads/ocorrencia_726.jpg,Alta,Secretaria de Obras,Equipe 06,1,Resolvida,2026-02-21,Buraco preenchido e via recapeada,2026-02-22,1,Atendimento realizado dentro do prazo.
727,Árvore caída,"Rua das Palmeiras, 184",Vila Nova,-25.379845,-49.185548,2024-04-25,10:58,Árvore caída ocupando parte da via ou calçada.,/uploads/ocorrencia_727.jpg,Média,Secretaria de Meio Ambiente,Equipe 05,7,Resolvida,2024-04-27,Árvore removida e área liberada,2024-04-28,3,Serviço concluído e área liberada.
728,Vazamento de água,"Avenida Central, 228",Jardim das Flores,-25.446894,-49.176646,2025-10-08,18:25,Vazamento de água identificado na via pública.,/uploads/ocorrencia_728.jpg,Baixa,Serviço de Abastecimento de Água,Equipe 15,5,Resolvida,2025-10-10,Vazamento reparado,2025-10-11,3,Necessária vistoria técnica antes do atendimento.
729,Vazamento de água,"Rua São José, 16",Centro,-25.371961,-49.353461,2024-12-02,09:22,Vazamento de água identificado na via pública.,/uploads/ocorrencia_729.jpg,Média,Serviço de Abastecimento de Água,Equipe 06,3,Resolvida,2024-12-03,Vazamento reparado,2024-12-04,2,Atendimento realizado dentro do prazo.
730,Iluminação pública,"Avenida Curitiba, 212",São Lucas,-25.518874,-49.235842,2025-06-10,04:26,Poste com iluminação defeituosa ou apagada.,/uploads/ocorrencia_730.jpg,Baixa,Secretaria de Serviços Públicos,Equipe 04,5,Resolvida,2025-06-10,Lâmpada e componentes elétricos substituídos,2025-06-14,4,Necessária vistoria técnica antes do atendimento.
731,Árvore caída,"Avenida Central, 383",Boa Vista,-25.418744,-49.290161,2024-07-05,17:51,Árvore caída ocupando parte da via ou calçada.,/uploads/ocorrencia_731.jpg,Média,Secretaria de Meio Ambiente,Equipe 03,5,Resolvida,2024-07-06,Árvore removida e área liberada,2024-07-07,2,Serviço concluído e área liberada.
732,Árvore caída,"Rua São José, 914",Centro,-25.471091,-49.214019,2024-07-22,03:12,Árvore caída ocupando parte da via ou calçada.,/uploads/ocorrencia_732.jpg,Alta,Secretaria de Meio Ambiente,Equipe 15,2,Resolvida,2024-07-22,Árvore removida e área liberada,2024-07-23,1,Atendimento realizado dentro do prazo.
733,Lixo acumulado,"Avenida Curitiba, 992",Vila Esperança,-25.407136,-49.318778,2024-09-29,03:26,Acúmulo de resíduos em área pública.,/uploads/ocorrencia_733.jpg,Média,Secretaria de Limpeza,Equipe 13,5,Resolvida,2024-10-01,Resíduos recolhidos e área limpa,2024-10-04,5,Necessária vistoria técnica antes do atendimento.
734,Semáforo com defeito,"Rua XV de Novembro, 122",São Lucas,-25.54727,-49.228891,2026-03-22,00:08,Semáforo apresenta falha no funcionamento.,/uploads/ocorrencia_734.jpg,Alta,Secretaria de Trânsito,Equipe 01,1,Resolvida,2026-03-24,Semáforo reparado,2026-03-23,1,Serviço concluído e área liberada.
735,Árvore caída,"Rua das Palmeiras, 501",Centro,-25.519501,-49.27219,2025-05-12,02:48,Árvore caída ocupando parte da via ou calçada.,/uploads/ocorrencia_735.jpg,Baixa,Secretaria de Meio Ambiente,Equipe 04,7,Resolvida,2025-05-14,Árvore removida e área liberada,2025-05-14,2,Serviço concluído e área liberada.
736,Iluminação pública,"Rua Paraná, 692",Jardim das Flores,-25.35149,-49.252201,2024-07-22,15:45,Poste com iluminação defeituosa ou apagada.,/uploads/ocorrencia_736.jpg,Alta,Secretaria de Serviços Públicos,Equipe 11,1,Resolvida,2024-07-22,Lâmpada e componentes elétricos substituídos,2024-07-23,1,Ocorrência encaminhada para equipe responsável.
737,Calçada quebrada,"Rua XV de Novembro, 420",Bairro Novo,-25.531813,-49.387261,2024-07-15,04:27,"Trecho da calçada danificado, dificultando a passagem.",/uploads/ocorrencia_737.jpg,Baixa,Secretaria de Obras,Equipe 07,5,Resolvida,2024-07-15,Calçada reparada,2024-07-20,5,Problema solucionado após intervenção da equipe.
738,Alagamento,"Rua Paraná, 354",Vila Esperança,-25.527989,-49.309106,2024-03-03,16:27,Ponto da via apresenta acúmulo de água após chuva.,/uploads/ocorrencia_738.jpg,Média,Secretaria de Obras,Equipe 06,7,Resolvida,2024-03-04,Drenagem desobstruída e reparada,2024-03-05,2,Necessária vistoria técnica antes do atendimento.
739,Calçada quebrada,"Rua das Flores, 196",Boa Vista,-25.455588,-49.17288,2024-02-23,21:47,"Trecho da calçada danificado, dificultando a passagem.",/uploads/ocorrencia_739.jpg,Baixa,Secretaria de Obras,Equipe 02,7,Resolvida,2024-02-24,Calçada reparada,2024-02-25,2,Necessária vistoria técnica antes do atendimento.
740,Lixo acumulado,"Avenida Curitiba, 382",Jardim das Flores,-25.483758,-49.214677,2024-04-24,03:42,Acúmulo de resíduos em área pública.,/uploads/ocorrencia_740.jpg,Baixa,Secretaria de Limpeza,Equipe 06,5,Resolvida,2024-04-24,Resíduos recolhidos e área limpa,2024-04-29,5,Problema solucionado após intervenção da equipe.
741,Semáforo com defeito,"Rua Paraná, 675",Boa Vista,-25.401483,-49.369911,2025-08-21,12:05,Semáforo apresenta falha no funcionamento.,/uploads/ocorrencia_741.jpg,Baixa,Secretaria de Trânsito,Equipe 10,5,Resolvida,2025-08-23,Semáforo reparado,2025-08-23,2,Ocorrência encaminhada para equipe responsável.
742,Calçada quebrada,"Avenida Brasil, 86",Vila Nova,-25.443288,-49.361582,2025-09-25,10:19,"Trecho da calçada danificado, dificultando a passagem.",/uploads/ocorrencia_742.jpg,Alta,Secretaria de Obras,Equipe 03,3,Resolvida,2025-09-25,Calçada reparada,2025-09-27,2,Ocorrência encaminhada para equipe responsável.
743,Árvore caída,"Rua São José, 926",Jardim das Flores,-25.466199,-49.167167,2025-10-06,22:07,Árvore caída ocupando parte da via ou calçada.,/uploads/ocorrencia_743.jpg,Média,Secretaria de Meio Ambiente,Equipe 09,5,Resolvida,2025-10-07,Árvore removida e área liberada,2025-10-08,2,Atendimento realizado dentro do prazo.
744,Lixo acumulado,"Rua XV de Novembro, 306",Jardim das Flores,-25.387093,-49.276244,2025-08-02,01:50,Acúmulo de resíduos em área pública.,/uploads/ocorrencia_744.jpg,Baixa,Secretaria de Limpeza,Equipe 09,10,Resolvida,2025-08-04,Resíduos recolhidos e área limpa,2025-08-06,4,Problema solucionado após intervenção da equipe.
745,Iluminação pública,"Avenida Curitiba, 778",Jardim América,-25.513187,-49.359999,2025-07-29,12:25,Poste com iluminação defeituosa ou apagada.,/uploads/ocorrencia_745.jpg,Média,Secretaria de Serviços Públicos,Equipe 04,7,Resolvida,2025-07-29,Lâmpada e componentes elétricos substituídos,2025-08-02,4,Problema solucionado após intervenção da equipe.
746,Buraco na rua,"Avenida Central, 320",Vila Nova,-25.505214,-49.266609,2024-10-30,22:17,"Buraco identificado na via, oferecendo risco aos veículos.",/uploads/ocorrencia_746.jpg,Alta,Secretaria de Obras,Equipe 05,3,Resolvida,2024-10-30,Buraco preenchido e via recapeada,2024-10-31,1,Atendimento realizado dentro do prazo.
747,Lixo acumulado,"Rua XV de Novembro, 286",Jardim das Flores,-25.420271,-49.241829,2024-02-22,20:15,Acúmulo de resíduos em área pública.,/uploads/ocorrencia_747.jpg,Alta,Secretaria de Limpeza,Equipe 06,1,Resolvida,2024-02-22,Resíduos recolhidos e área limpa,2024-02-23,1,Serviço concluído e área liberada.
748,Iluminação pública,"Rua XV de Novembro, 428",Jardim das Flores,-25.506144,-49.158693,2024-10-28,10:03,Poste com iluminação defeituosa ou apagada.,/uploads/ocorrencia_748.jpg,Alta,Secretaria de Serviços Públicos,Equipe 03,3,Resolvida,2024-10-29,Lâmpada e componentes elétricos substituídos,2024-10-29,1,Serviço concluído e área liberada.
749,Buraco na rua,"Rua das Palmeiras, 978",Bairro Novo,-25.386631,-49.34484,2026-06-09,20:40,"Buraco identificado na via, oferecendo risco aos veículos.",/uploads/ocorrencia_749.jpg,Média,Secretaria de Obras,Equipe 05,7,Resolvida,2026-06-09,Buraco preenchido e via recapeada,2026-06-15,6,Ocorrência encaminhada para equipe responsável.
750,Árvore caída,"Avenida Curitiba, 247",Jardim América,-25.513697,-49.353743,2025-03-20,11:09,Árvore caída ocupando parte da via ou calçada.,/uploads/ocorrencia_750.jpg,Média,Secretaria de Meio Ambiente,Equipe 14,5,Resolvida,2025-03-21,Árvore removida e área liberada,2025-03-22,2,Ocorrência encaminhada para equipe responsável.
751,Calçada quebrada,"Rua XV de Novembro, 673",Vila Nova,-25.428436,-49.382636,2024-11-13,05:56,"Trecho da calçada danificado, dificultando a passagem.",/uploads/ocorrencia_751.jpg,Baixa,Secretaria de Obras,Equipe 02,5,Resolvida,2024-11-15,Calçada reparada,2024-11-17,4,Necessária vistoria técnica antes do atendimento.
752,Calçada quebrada,"Rua das Palmeiras, 112",Vila Nova,-25.473202,-49.372491,2024-05-20,23:48,"Trecho da calçada danificado, dificultando a passagem.",/uploads/ocorrencia_752.jpg,Média,Secretaria de Obras,Equipe 01,3,Resolvida,2024-05-21,Calçada reparada,2024-05-22,2,Atendimento realizado dentro do prazo.
753,Lixo acumulado,"Avenida Brasil, 284",Vila Esperança,-25.402774,-49.315403,2025-10-04,19:00,Acúmulo de resíduos em área pública.,/uploads/ocorrencia_753.jpg,Baixa,Secretaria de Limpeza,Equipe 12,5,Resolvida,2025-10-06,Resíduos recolhidos e área limpa,2025-10-05,1,Atendimento realizado dentro do prazo.
754,Calçada quebrada,"Avenida Curitiba, 787",Jardim América,-25.501238,-49.264118,2025-03-30,05:19,"Trecho da calçada danificado, dificultando a passagem.",/uploads/ocorrencia_754.jpg,Média,Secretaria de Obras,Equipe 05,5,Resolvida,2025-03-30,Calçada reparada,2025-04-04,5,Problema solucionado após intervenção da equipe.
755,Iluminação pública,"Rua das Flores, 115",Centro,-25.367567,-49.394,2024-04-15,16:56,Poste com iluminação defeituosa ou apagada.,/uploads/ocorrencia_755.jpg,Média,Secretaria de Serviços Públicos,Equipe 07,5,Resolvida,2024-04-15,Lâmpada e componentes elétricos substituídos,2024-04-18,3,Necessária vistoria técnica antes do atendimento.
756,Lixo acumulado,"Avenida Central, 241",Boa Vista,-25.516088,-49.372466,2025-12-01,12:43,Acúmulo de resíduos em área pública.,/uploads/ocorrencia_756.jpg,Alta,Secretaria de Limpeza,Equipe 02,3,Resolvida,2025-12-02,Resíduos recolhidos e área limpa,2025-12-02,1,Serviço concluído e área liberada.
757,Placa danificada,"Rua São José, 131",Bairro Novo,-25.443904,-49.250097,2024-03-27,01:38,Placa de sinalização danificada ou ilegível.,/uploads/ocorrencia_757.jpg,Média,Secretaria de Trânsito,Equipe 11,3,Resolvida,2024-03-28,Placa substituída,2024-03-29,2,Necessária vistoria técnica antes do atendimento.
758,Lixo acumulado,"Avenida Central, 366",Jardim das Flores,-25.390263,-49.202786,2024-10-04,15:42,Acúmulo de resíduos em área pública.,/uploads/ocorrencia_758.jpg,Alta,Secretaria de Limpeza,Equipe 14,2,Resolvida,2024-10-06,Resíduos recolhidos e área limpa,2024-10-06,2,Ocorrência encaminhada para equipe responsável.
759,Lixo acumulado,"Rua XV de Novembro, 409",Boa Vista,-25.464509,-49.218323,2026-03-26,15:52,Acúmulo de resíduos em área pública.,/uploads/ocorrencia_759.jpg,Média,Secretaria de Limpeza,Equipe 03,3,Resolvida,2026-03-28,Resíduos recolhidos e área limpa,2026-03-28,2,Atendimento realizado dentro do prazo.
760,Placa danificada,"Rua XV de Novembro, 795",Jardim América,-25.3913,-49.316634,2024-11-22,15:27,Placa de sinalização danificada ou ilegível.,/uploads/ocorrencia_760.jpg,Média,Secretaria de Trânsito,Equipe 13,5,Resolvida,2024-11-24,Placa substituída,2024-11-27,5,Ocorrência encaminhada para equipe responsável.
761,Árvore caída,"Avenida Curitiba, 561",São Lucas,-25.433807,-49.29454,2025-06-29,17:52,Árvore caída ocupando parte da via ou calçada.,/uploads/ocorrencia_761.jpg,Média,Secretaria de Meio Ambiente,Equipe 10,3,Resolvida,2025-06-29,Árvore removida e área liberada,2025-07-02,3,Ocorrência encaminhada para equipe responsável.
762,Iluminação pública,"Rua São José, 12",Vila Esperança,-25.365819,-49.385106,2026-05-21,00:23,Poste com iluminação defeituosa ou apagada.,/uploads/ocorrencia_762.jpg,Baixa,Secretaria de Serviços Públicos,Equipe 06,10,Resolvida,2026-05-21,Lâmpada e componentes elétricos substituídos,2026-05-29,8,Serviço concluído e área liberada.
763,Lixo acumulado,"Avenida Curitiba, 157",Jardim das Flores,-25.400601,-49.370691,2025-07-18,13:15,Acúmulo de resíduos em área pública.,/uploads/ocorrencia_763.jpg,Alta,Secretaria de Limpeza,Equipe 12,1,Resolvida,2025-07-18,Resíduos recolhidos e área limpa,2025-07-19,1,Ocorrência encaminhada para equipe responsável.
764,Árvore caída,"Rua das Palmeiras, 390",Centro,-25.375905,-49.392454,2024-04-18,21:37,Árvore caída ocupando parte da via ou calçada.,/uploads/ocorrencia_764.jpg,Baixa,Secretaria de Meio Ambiente,Equipe 06,5,Resolvida,2024-04-20,Árvore removida e área liberada,2024-04-22,4,Ocorrência encaminhada para equipe responsável.
765,Iluminação pública,"Avenida Brasil, 22",Vila Esperança,-25.521978,-49.268137,2026-04-13,13:09,Poste com iluminação defeituosa ou apagada.,/uploads/ocorrencia_765.jpg,Média,Secretaria de Serviços Públicos,Equipe 05,3,Resolvida,2026-04-15,Lâmpada e componentes elétricos substituídos,2026-04-16,3,Necessária vistoria técnica antes do atendimento.
766,Árvore caída,"Avenida Curitiba, 810",Boa Vista,-25.543576,-49.212217,2024-01-14,09:07,Árvore caída ocupando parte da via ou calçada.,/uploads/ocorrencia_766.jpg,Média,Secretaria de Meio Ambiente,Equipe 09,3,Resolvida,2024-01-16,Árvore removida e área liberada,2024-01-16,2,Ocorrência encaminhada para equipe responsável.
767,Buraco na rua,"Rua das Palmeiras, 706",São Lucas,-25.504537,-49.167137,2025-04-10,17:45,"Buraco identificado na via, oferecendo risco aos veículos.",/uploads/ocorrencia_767.jpg,Alta,Secretaria de Obras,Equipe 05,2,Resolvida,2025-04-12,Buraco preenchido e via recapeada,2025-04-12,2,Atendimento realizado dentro do prazo.
768,Semáforo com defeito,"Rua XV de Novembro, 770",São Lucas,-25.354803,-49.248729,2025-09-25,01:14,Semáforo apresenta falha no funcionamento.,/uploads/ocorrencia_768.jpg,Baixa,Secretaria de Trânsito,Equipe 02,7,Resolvida,2025-09-27,Semáforo reparado,2025-09-27,2,Necessária vistoria técnica antes do atendimento.
769,Vazamento de água,"Rua das Palmeiras, 857",Boa Vista,-25.52832,-49.380548,2024-02-25,11:41,Vazamento de água identificado na via pública.,/uploads/ocorrencia_769.jpg,Média,Serviço de Abastecimento de Água,Equipe 10,5,Resolvida,2024-02-26,Vazamento reparado,2024-02-28,3,Serviço concluído e área liberada.
770,Buraco na rua,"Avenida Central, 176",Vila Esperança,-25.439662,-49.240403,2024-03-07,06:38,"Buraco identificado na via, oferecendo risco aos veículos.",/uploads/ocorrencia_770.jpg,Média,Secretaria de Obras,Equipe 01,3,Resolvida,2024-03-07,Buraco preenchido e via recapeada,2024-03-10,3,Ocorrência encaminhada para equipe responsável.
771,Alagamento,"Rua das Flores, 587",Bairro Novo,-25.548304,-49.310838,2025-05-10,01:03,Ponto da via apresenta acúmulo de água após chuva.,/uploads/ocorrencia_771.jpg,Alta,Secretaria de Obras,Equipe 05,2,Resolvida,2025-05-11,Drenagem desobstruída e reparada,2025-05-11,1,Necessária vistoria técnica antes do atendimento.
772,Semáforo com defeito,"Rua São José, 779",Vila Esperança,-25.468543,-49.214637,2024-12-30,04:44,Semáforo apresenta falha no funcionamento.,/uploads/ocorrencia_772.jpg,Média,Secretaria de Trânsito,Equipe 02,7,Resolvida,2024-12-31,Semáforo reparado,2025-01-01,2,Problema solucionado após intervenção da equipe.
773,Lixo acumulado,"Rua das Palmeiras, 498",Centro,-25.457379,-49.178699,2026-05-22,01:18,Acúmulo de resíduos em área pública.,/uploads/ocorrencia_773.jpg,Média,Secretaria de Limpeza,Equipe 02,3,Resolvida,2026-05-24,Resíduos recolhidos e área limpa,2026-05-24,2,Ocorrência encaminhada para equipe responsável.
774,Calçada quebrada,"Rua XV de Novembro, 996",Jardim América,-25.39293,-49.315245,2026-01-16,19:41,"Trecho da calçada danificado, dificultando a passagem.",/uploads/ocorrencia_774.jpg,Média,Secretaria de Obras,Equipe 06,7,Resolvida,2026-01-17,Calçada reparada,2026-01-20,4,Problema solucionado após intervenção da equipe.
775,Árvore caída,"Rua das Palmeiras, 254",Centro,-25.351119,-49.375648,2025-09-17,19:04,Árvore caída ocupando parte da via ou calçada.,/uploads/ocorrencia_775.jpg,Baixa,Secretaria de Meio Ambiente,Equipe 01,5,Resolvida,2025-09-19,Árvore removida e área liberada,2025-09-22,5,Ocorrência encaminhada para equipe responsável.
776,Alagamento,"Avenida Curitiba, 106",Bairro Novo,-25.477334,-49.377693,2024-06-22,09:10,Ponto da via apresenta acúmulo de água após chuva.,/uploads/ocorrencia_776.jpg,Média,Secretaria de Obras,Equipe 03,3,Resolvida,2024-06-24,Drenagem desobstruída e reparada,2024-06-25,3,Necessária vistoria técnica antes do atendimento.
777,Alagamento,"Avenida Central, 791",Vila Nova,-25.477306,-49.328344,2025-10-27,04:07,Ponto da via apresenta acúmulo de água após chuva.,/uploads/ocorrencia_777.jpg,Alta,Secretaria de Obras,Equipe 07,3,Resolvida,2025-10-27,Drenagem desobstruída e reparada,2025-10-29,2,Problema solucionado após intervenção da equipe.
778,Lixo acumulado,"Rua São José, 534",Vila Nova,-25.459982,-49.180648,2024-11-17,11:05,Acúmulo de resíduos em área pública.,/uploads/ocorrencia_778.jpg,Alta,Secretaria de Limpeza,Equipe 11,3,Resolvida,2024-11-19,Resíduos recolhidos e área limpa,2024-11-19,2,Atendimento realizado dentro do prazo.
779,Buraco na rua,"Rua das Flores, 168",Vila Esperança,-25.50539,-49.18146,2024-10-24,12:10,"Buraco identificado na via, oferecendo risco aos veículos.",/uploads/ocorrencia_779.jpg,Alta,Secretaria de Obras,Equipe 11,3,Resolvida,2024-10-24,Buraco preenchido e via recapeada,2024-10-26,2,Atendimento realizado dentro do prazo.
780,Placa danificada,"Avenida Curitiba, 667",Vila Nova,-25.52833,-49.160113,2026-04-17,14:06,Placa de sinalização danificada ou ilegível.,/uploads/ocorrencia_780.jpg,Média,Secretaria de Trânsito,Equipe 07,3,Resolvida,2026-04-19,Placa substituída,2026-04-19,2,Necessária vistoria técnica antes do atendimento.
781,Calçada quebrada,"Rua São José, 76",São Lucas,-25.494325,-49.390429,2025-09-10,15:13,"Trecho da calçada danificado, dificultando a passagem.",/uploads/ocorrencia_781.jpg,Baixa,Secretaria de Obras,Equipe 03,10,Resolvida,2025-09-10,Calçada reparada,2025-09-18,8,Necessária vistoria técnica antes do atendimento.
782,Lixo acumulado,"Rua São José, 591",Vila Esperança,-25.354288,-49.346645,2025-09-07,12:03,Acúmulo de resíduos em área pública.,/uploads/ocorrencia_782.jpg,Baixa,Secretaria de Limpeza,Equipe 04,7,Resolvida,2025-09-08,Resíduos recolhidos e área limpa,2025-09-14,7,Atendimento realizado dentro do prazo.
783,Árvore caída,"Avenida Central, 660",Jardim das Flores,-25.375245,-49.287145,2024-05-25,02:17,Árvore caída ocupando parte da via ou calçada.,/uploads/ocorrencia_783.jpg,Baixa,Secretaria de Meio Ambiente,Equipe 07,7,Resolvida,2024-05-26,Árvore removida e área liberada,2024-05-26,1,Problema solucionado após intervenção da equipe.
784,Calçada quebrada,"Rua XV de Novembro, 860",Jardim das Flores,-25.480145,-49.295225,2025-03-14,10:48,"Trecho da calçada danificado, dificultando a passagem.",/uploads/ocorrencia_784.jpg,Baixa,Secretaria de Obras,Equipe 08,7,Resolvida,2025-03-14,Calçada reparada,2025-03-16,2,Problema solucionado após intervenção da equipe.
785,Lixo acumulado,"Rua São José, 944",São Lucas,-25.405455,-49.255378,2025-02-02,00:35,Acúmulo de resíduos em área pública.,/uploads/ocorrencia_785.jpg,Média,Secretaria de Limpeza,Equipe 03,7,Resolvida,2025-02-02,Resíduos recolhidos e área limpa,2025-02-05,3,Serviço concluído e área liberada.
786,Placa danificada,"Rua XV de Novembro, 928",Centro,-25.468723,-49.269827,2024-05-31,15:55,Placa de sinalização danificada ou ilegível.,/uploads/ocorrencia_786.jpg,Média,Secretaria de Trânsito,Equipe 01,5,Resolvida,2024-06-02,Placa substituída,2024-06-02,2,Necessária vistoria técnica antes do atendimento.
787,Lixo acumulado,"Avenida Brasil, 47",Vila Nova,-25.474489,-49.312979,2024-07-11,13:44,Acúmulo de resíduos em área pública.,/uploads/ocorrencia_787.jpg,Baixa,Secretaria de Limpeza,Equipe 04,10,Resolvida,2024-07-13,Resíduos recolhidos e área limpa,2024-07-14,3,Problema solucionado após intervenção da equipe.
788,Buraco na rua,"Rua São José, 26",Boa Vista,-25.35019,-49.296487,2024-11-10,16:52,"Buraco identificado na via, oferecendo risco aos veículos.",/uploads/ocorrencia_788.jpg,Baixa,Secretaria de Obras,Equipe 06,5,Resolvida,2024-11-12,Buraco preenchido e via recapeada,2024-11-14,4,Serviço concluído e área liberada.
789,Semáforo com defeito,"Rua São José, 126",São Lucas,-25.462825,-49.328743,2025-04-14,13:23,Semáforo apresenta falha no funcionamento.,/uploads/ocorrencia_789.jpg,Alta,Secretaria de Trânsito,Equipe 11,1,Resolvida,2025-04-16,Semáforo reparado,2025-04-15,1,Necessária vistoria técnica antes do atendimento.
790,Alagamento,"Avenida Brasil, 835",Bairro Novo,-25.450719,-49.212068,2024-04-01,20:01,Ponto da via apresenta acúmulo de água após chuva.,/uploads/ocorrencia_790.jpg,Alta,Secretaria de Obras,Equipe 15,3,Resolvida,2024-04-01,Drenagem desobstruída e reparada,2024-04-03,2,Problema solucionado após intervenção da equipe.
791,Iluminação pública,"Rua das Flores, 693",Vila Nova,-25.5271,-49.185914,2025-03-06,06:14,Poste com iluminação defeituosa ou apagada.,/uploads/ocorrencia_791.jpg,Baixa,Secretaria de Serviços Públicos,Equipe 02,7,Resolvida,2025-03-07,Lâmpada e componentes elétricos substituídos,2025-03-11,5,Serviço concluído e área liberada.
792,Vazamento de água,"Rua das Palmeiras, 17",São Lucas,-25.4971,-49.190379,2026-03-11,07:32,Vazamento de água identificado na via pública.,/uploads/ocorrencia_792.jpg,Alta,Serviço de Abastecimento de Água,Equipe 13,2,Resolvida,2026-03-13,Vazamento reparado,2026-03-13,2,Necessária vistoria técnica antes do atendimento.
793,Calçada quebrada,"Rua das Palmeiras, 43",Centro,-25.482982,-49.16021,2024-06-06,11:53,"Trecho da calçada danificado, dificultando a passagem.",/uploads/ocorrencia_793.jpg,Baixa,Secretaria de Obras,Equipe 07,10,Resolvida,2024-06-07,Calçada reparada,2024-06-16,10,Ocorrência encaminhada para equipe responsável.
794,Semáforo com defeito,"Rua Paraná, 641",São Lucas,-25.362122,-49.302397,2026-04-28,01:51,Semáforo apresenta falha no funcionamento.,/uploads/ocorrencia_794.jpg,Média,Secretaria de Trânsito,Equipe 12,7,Resolvida,2026-04-28,Semáforo reparado,2026-05-03,5,Ocorrência encaminhada para equipe responsável.
795,Árvore caída,"Rua XV de Novembro, 457",Boa Vista,-25.381394,-49.24317,2025-12-28,04:32,Árvore caída ocupando parte da via ou calçada.,/uploads/ocorrencia_795.jpg,Baixa,Secretaria de Meio Ambiente,Equipe 05,5,Resolvida,2025-12-29,Árvore removida e área liberada,2026-01-02,5,Problema solucionado após intervenção da equipe.
796,Lixo acumulado,"Rua Paraná, 105",Boa Vista,-25.42638,-49.264082,2025-03-23,00:40,Acúmulo de resíduos em área pública.,/uploads/ocorrencia_796.jpg,Baixa,Secretaria de Limpeza,Equipe 02,10,Resolvida,2025-03-23,Resíduos recolhidos e área limpa,2025-03-26,3,Problema solucionado após intervenção da equipe.
797,Árvore caída,"Rua XV de Novembro, 474",Centro,-25.511234,-49.189886,2026-03-07,11:11,Árvore caída ocupando parte da via ou calçada.,/uploads/ocorrencia_797.jpg,Média,Secretaria de Meio Ambiente,Equipe 12,3,Resolvida,2026-03-08,Árvore removida e área liberada,2026-03-09,2,Necessária vistoria técnica antes do atendimento.
798,Alagamento,"Avenida Central, 94",Centro,-25.458174,-49.251026,2025-10-04,00:40,Ponto da via apresenta acúmulo de água após chuva.,/uploads/ocorrencia_798.jpg,Alta,Secretaria de Obras,Equipe 02,3,Resolvida,2025-10-04,Drenagem desobstruída e reparada,2025-10-05,1,Ocorrência encaminhada para equipe responsável.
799,Alagamento,"Rua XV de Novembro, 105",Jardim das Flores,-25.451793,-49.394511,2026-05-14,11:58,Ponto da via apresenta acúmulo de água após chuva.,/uploads/ocorrencia_799.jpg,Baixa,Secretaria de Obras,Equipe 02,5,Resolvida,2026-05-14,Drenagem desobstruída e reparada,2026-05-18,4,Necessária vistoria técnica antes do atendimento.
800,Iluminação pública,"Rua das Palmeiras, 394",Vila Esperança,-25.547972,-49.355331,2025-10-10,14:51,Poste com iluminação defeituosa ou apagada.,/uploads/ocorrencia_800.jpg,Alta,Secretaria de Serviços Públicos,Equipe 10,1,Resolvida,2025-10-11,Lâmpada e componentes elétricos substituídos,2025-10-11,1,Problema solucionado após intervenção da equipe.
801,Buraco na rua,"Rua São José, 365",Bairro Novo,-25.401661,-49.168354,2025-09-20,19:34,"Buraco identificado na via, oferecendo risco aos veículos.",/uploads/ocorrencia_801.jpg,Média,Secretaria de Obras,Equipe 04,3,Resolvida,2025-09-22,Buraco preenchido e via recapeada,2025-09-22,2,Problema solucionado após intervenção da equipe.
802,Buraco na rua,"Rua XV de Novembro, 231",Centro,-25.533311,-49.2271,2024-04-27,06:01,"Buraco identificado na via, oferecendo risco aos veículos.",/uploads/ocorrencia_802.jpg,Alta,Secretaria de Obras,Equipe 03,2,Resolvida,2024-04-27,Buraco preenchido e via recapeada,2024-04-28,1,Serviço concluído e área liberada.
803,Alagamento,"Rua Paraná, 986",Vila Nova,-25.388198,-49.290985,2025-12-26,17:41,Ponto da via apresenta acúmulo de água após chuva.,/uploads/ocorrencia_803.jpg,Baixa,Secretaria de Obras,Equipe 07,7,Resolvida,2025-12-28,Drenagem desobstruída e reparada,2025-12-30,4,Ocorrência encaminhada para equipe responsável.
804,Alagamento,"Rua Paraná, 713",Jardim América,-25.39118,-49.161559,2026-01-04,08:25,Ponto da via apresenta acúmulo de água após chuva.,/uploads/ocorrencia_804.jpg,Alta,Secretaria de Obras,Equipe 08,1,Resolvida,2026-01-04,Drenagem desobstruída e reparada,2026-01-05,1,Necessária vistoria técnica antes do atendimento.
805,Vazamento de água,"Avenida Central, 845",São Lucas,-25.479417,-49.175526,2024-04-20,19:24,Vazamento de água identificado na via pública.,/uploads/ocorrencia_805.jpg,Baixa,Serviço de Abastecimento de Água,Equipe 14,7,Resolvida,2024-04-22,Vazamento reparado,2024-04-22,2,Atendimento realizado dentro do prazo.
806,Vazamento de água,"Rua das Flores, 991",Jardim América,-25.479549,-49.392515,2025-08-23,13:18,Vazamento de água identificado na via pública.,/uploads/ocorrencia_806.jpg,Média,Serviço de Abastecimento de Água,Equipe 03,7,Resolvida,2025-08-25,Vazamento reparado,2025-08-30,7,Serviço concluído e área liberada.
807,Árvore caída,"Rua São José, 261",Jardim América,-25.548073,-49.227927,2025-11-03,11:23,Árvore caída ocupando parte da via ou calçada.,/uploads/ocorrencia_807.jpg,Baixa,Secretaria de Meio Ambiente,Equipe 12,5,Resolvida,2025-11-03,Árvore removida e área liberada,2025-11-06,3,Serviço concluído e área liberada.
808,Calçada quebrada,"Rua São José, 930",Vila Nova,-25.506507,-49.25976,2024-03-08,12:18,"Trecho da calçada danificado, dificultando a passagem.",/uploads/ocorrencia_808.jpg,Baixa,Secretaria de Obras,Equipe 12,10,Resolvida,2024-03-10,Calçada reparada,2024-03-12,4,Problema solucionado após intervenção da equipe.
809,Iluminação pública,"Rua das Palmeiras, 335",São Lucas,-25.351948,-49.294691,2024-07-21,06:03,Poste com iluminação defeituosa ou apagada.,/uploads/ocorrencia_809.jpg,Alta,Secretaria de Serviços Públicos,Equipe 02,2,Resolvida,2024-07-21,Lâmpada e componentes elétricos substituídos,2024-07-23,2,Necessária vistoria técnica antes do atendimento.
810,Lixo acumulado,"Rua das Palmeiras, 252",Boa Vista,-25.493127,-49.189589,2024-10-18,00:41,Acúmulo de resíduos em área pública.,/uploads/ocorrencia_810.jpg,Média,Secretaria de Limpeza,Equipe 07,7,Resolvida,2024-10-19,Resíduos recolhidos e área limpa,2024-10-20,2,Atendimento realizado dentro do prazo.
811,Semáforo com defeito,"Rua São José, 670",Centro,-25.495065,-49.211577,2025-04-26,03:53,Semáforo apresenta falha no funcionamento.,/uploads/ocorrencia_811.jpg,Baixa,Secretaria de Trânsito,Equipe 07,7,Resolvida,2025-04-27,Semáforo reparado,2025-05-02,6,Atendimento realizado dentro do prazo.
812,Semáforo com defeito,"Avenida Curitiba, 637",Boa Vista,-25.356569,-49.369647,2024-11-01,22:29,Semáforo apresenta falha no funcionamento.,/uploads/ocorrencia_812.jpg,Baixa,Secretaria de Trânsito,Equipe 06,7,Resolvida,2024-11-03,Semáforo reparado,2024-11-08,7,Problema solucionado após intervenção da equipe.
813,Iluminação pública,"Rua Paraná, 58",Centro,-25.504732,-49.377996,2024-05-22,03:20,Poste com iluminação defeituosa ou apagada.,/uploads/ocorrencia_813.jpg,Alta,Secretaria de Serviços Públicos,Equipe 12,3,Resolvida,2024-05-23,Lâmpada e componentes elétricos substituídos,2024-05-25,3,Serviço concluído e área liberada.
814,Semáforo com defeito,"Rua das Flores, 275",Centro,-25.484134,-49.246812,2024-02-14,03:03,Semáforo apresenta falha no funcionamento.,/uploads/ocorrencia_814.jpg,Alta,Secretaria de Trânsito,Equipe 13,2,Resolvida,2024-02-15,Semáforo reparado,2024-02-15,1,Necessária vistoria técnica antes do atendimento.
815,Alagamento,"Rua XV de Novembro, 607",Jardim América,-25.460644,-49.369407,2024-05-09,10:55,Ponto da via apresenta acúmulo de água após chuva.,/uploads/ocorrencia_815.jpg,Média,Secretaria de Obras,Equipe 09,3,Resolvida,2024-05-11,Drenagem desobstruída e reparada,2024-05-12,3,Ocorrência encaminhada para equipe responsável.
816,Vazamento de água,"Avenida Central, 339",Vila Nova,-25.533441,-49.260371,2025-05-09,07:05,Vazamento de água identificado na via pública.,/uploads/ocorrencia_816.jpg,Média,Serviço de Abastecimento de Água,Equipe 14,5,Resolvida,2025-05-11,Vazamento reparado,2025-05-13,4,Ocorrência encaminhada para equipe responsável.
817,Calçada quebrada,"Avenida Brasil, 516",Bairro Novo,-25.512417,-49.373866,2024-01-14,21:13,"Trecho da calçada danificado, dificultando a passagem.",/uploads/ocorrencia_817.jpg,Baixa,Secretaria de Obras,Equipe 04,7,Resolvida,2024-01-15,Calçada reparada,2024-01-21,7,Problema solucionado após intervenção da equipe.
818,Semáforo com defeito,"Avenida Central, 735",Boa Vista,-25.472885,-49.286892,2024-06-06,16:06,Semáforo apresenta falha no funcionamento.,/uploads/ocorrencia_818.jpg,Média,Secretaria de Trânsito,Equipe 10,3,Resolvida,2024-06-07,Semáforo reparado,2024-06-08,2,Problema solucionado após intervenção da equipe.
819,Calçada quebrada,"Rua Paraná, 80",São Lucas,-25.457809,-49.373207,2024-06-17,21:19,"Trecho da calçada danificado, dificultando a passagem.",/uploads/ocorrencia_819.jpg,Baixa,Secretaria de Obras,Equipe 02,10,Resolvida,2024-06-17,Calçada reparada,2024-06-19,2,Ocorrência encaminhada para equipe responsável.
820,Buraco na rua,"Rua XV de Novembro, 283",Vila Nova,-25.364614,-49.378983,2025-11-08,16:28,"Buraco identificado na via, oferecendo risco aos veículos.",/uploads/ocorrencia_820.jpg,Baixa,Secretaria de Obras,Equipe 07,7,Resolvida,2025-11-08,Buraco preenchido e via recapeada,2025-11-11,3,Ocorrência encaminhada para equipe responsável.
821,Lixo acumulado,"Rua das Palmeiras, 530",São Lucas,-25.473495,-49.167995,2025-03-27,08:23,Acúmulo de resíduos em área pública.,/uploads/ocorrencia_821.jpg,Baixa,Secretaria de Limpeza,Equipe 04,5,Resolvida,2025-03-29,Resíduos recolhidos e área limpa,2025-03-28,1,Serviço concluído e área liberada.
822,Calçada quebrada,"Rua XV de Novembro, 618",São Lucas,-25.540026,-49.337764,2025-09-14,15:33,"Trecho da calçada danificado, dificultando a passagem.",/uploads/ocorrencia_822.jpg,Baixa,Secretaria de Obras,Equipe 02,7,Resolvida,2025-09-16,Calçada reparada,2025-09-15,1,Ocorrência encaminhada para equipe responsável.
823,Iluminação pública,"Rua das Flores, 599",Centro,-25.410098,-49.29886,2024-03-08,17:06,Poste com iluminação defeituosa ou apagada.,/uploads/ocorrencia_823.jpg,Baixa,Secretaria de Serviços Públicos,Equipe 07,7,Resolvida,2024-03-10,Lâmpada e componentes elétricos substituídos,2024-03-10,2,Atendimento realizado dentro do prazo.
824,Calçada quebrada,"Avenida Curitiba, 220",Jardim das Flores,-25.492404,-49.399223,2024-07-27,11:40,"Trecho da calçada danificado, dificultando a passagem.",/uploads/ocorrencia_824.jpg,Baixa,Secretaria de Obras,Equipe 03,7,Resolvida,2024-07-29,Calçada reparada,2024-08-02,6,Problema solucionado após intervenção da equipe.
825,Vazamento de água,"Rua Paraná, 184",Jardim das Flores,-25.357551,-49.233492,2024-03-12,05:11,Vazamento de água identificado na via pública.,/uploads/ocorrencia_825.jpg,Baixa,Serviço de Abastecimento de Água,Equipe 07,7,Resolvida,2024-03-12,Vazamento reparado,2024-03-16,4,Serviço concluído e área liberada.
826,Buraco na rua,"Avenida Central, 912",Jardim América,-25.549799,-49.181695,2025-11-26,00:38,"Buraco identificado na via, oferecendo risco aos veículos.",/uploads/ocorrencia_826.jpg,Baixa,Secretaria de Obras,Equipe 08,7,Resolvida,2025-11-28,Buraco preenchido e via recapeada,2025-11-30,4,Atendimento realizado dentro do prazo.
827,Buraco na rua,"Avenida Central, 865",Centro,-25.48908,-49.215953,2025-05-30,05:48,"Buraco identificado na via, oferecendo risco aos veículos.",/uploads/ocorrencia_827.jpg,Baixa,Secretaria de Obras,Equipe 08,5,Resolvida,2025-05-30,Buraco preenchido e via recapeada,2025-05-31,1,Necessária vistoria técnica antes do atendimento.
828,Placa danificada,"Avenida Curitiba, 269",Jardim das Flores,-25.395095,-49.185761,2024-01-14,11:19,Placa de sinalização danificada ou ilegível.,/uploads/ocorrencia_828.jpg,Média,Secretaria de Trânsito,Equipe 15,7,Resolvida,2024-01-16,Placa substituída,2024-01-18,4,Problema solucionado após intervenção da equipe.
829,Vazamento de água,"Avenida Central, 712",Bairro Novo,-25.351183,-49.310701,2025-10-17,00:09,Vazamento de água identificado na via pública.,/uploads/ocorrencia_829.jpg,Média,Serviço de Abastecimento de Água,Equipe 01,5,Resolvida,2025-10-19,Vazamento reparado,2025-10-20,3,Ocorrência encaminhada para equipe responsável.
830,Árvore caída,"Rua Paraná, 772",Boa Vista,-25.441017,-49.171902,2025-01-21,20:06,Árvore caída ocupando parte da via ou calçada.,/uploads/ocorrencia_830.jpg,Baixa,Secretaria de Meio Ambiente,Equipe 15,7,Resolvida,2025-01-23,Árvore removida e área liberada,2025-01-27,6,Problema solucionado após intervenção da equipe.
831,Lixo acumulado,"Rua São José, 919",Jardim das Flores,-25.434097,-49.224541,2025-08-26,13:17,Acúmulo de resíduos em área pública.,/uploads/ocorrencia_831.jpg,Baixa,Secretaria de Limpeza,Equipe 14,7,Resolvida,2025-08-26,Resíduos recolhidos e área limpa,2025-08-28,2,Problema solucionado após intervenção da equipe.
832,Iluminação pública,"Avenida Curitiba, 590",São Lucas,-25.364553,-49.363217,2026-03-22,11:18,Poste com iluminação defeituosa ou apagada.,/uploads/ocorrencia_832.jpg,Alta,Secretaria de Serviços Públicos,Equipe 11,1,Resolvida,2026-03-23,Lâmpada e componentes elétricos substituídos,2026-03-23,1,Ocorrência encaminhada para equipe responsável.
833,Semáforo com defeito,"Rua XV de Novembro, 320",Jardim das Flores,-25.493397,-49.251732,2024-03-07,09:00,Semáforo apresenta falha no funcionamento.,/uploads/ocorrencia_833.jpg,Média,Secretaria de Trânsito,Equipe 01,5,Resolvida,2024-03-07,Semáforo reparado,2024-03-09,2,Necessária vistoria técnica antes do atendimento.
834,Alagamento,"Rua das Palmeiras, 370",Centro,-25.392947,-49.274502,2024-01-01,01:16,Ponto da via apresenta acúmulo de água após chuva.,/uploads/ocorrencia_834.jpg,Média,Secretaria de Obras,Equipe 13,3,Resolvida,2024-01-02,Drenagem desobstruída e reparada,2024-01-04,3,Problema solucionado após intervenção da equipe.
835,Lixo acumulado,"Avenida Central, 156",Bairro Novo,-25.543573,-49.166766,2024-07-20,13:37,Acúmulo de resíduos em área pública.,/uploads/ocorrencia_835.jpg,Alta,Secretaria de Limpeza,Equipe 04,1,Resolvida,2024-07-20,Resíduos recolhidos e área limpa,2024-07-21,1,Necessária vistoria técnica antes do atendimento.
836,Árvore caída,"Avenida Brasil, 924",São Lucas,-25.414215,-49.31938,2024-11-05,19:19,Árvore caída ocupando parte da via ou calçada.,/uploads/ocorrencia_836.jpg,Baixa,Secretaria de Meio Ambiente,Equipe 10,5,Resolvida,2024-11-06,Árvore removida e área liberada,2024-11-10,5,Ocorrência encaminhada para equipe responsável.
837,Calçada quebrada,"Rua XV de Novembro, 436",Jardim das Flores,-25.513326,-49.204399,2024-11-04,09:05,"Trecho da calçada danificado, dificultando a passagem.",/uploads/ocorrencia_837.jpg,Média,Secretaria de Obras,Equipe 14,5,Resolvida,2024-11-06,Calçada reparada,2024-11-09,5,Necessária vistoria técnica antes do atendimento.
838,Iluminação pública,"Avenida Curitiba, 720",Jardim América,-25.456689,-49.159638,2025-12-02,22:22,Poste com iluminação defeituosa ou apagada.,/uploads/ocorrencia_838.jpg,Baixa,Secretaria de Serviços Públicos,Equipe 08,7,Resolvida,2025-12-03,Lâmpada e componentes elétricos substituídos,2025-12-05,3,Atendimento realizado dentro do prazo.
839,Semáforo com defeito,"Rua das Palmeiras, 100",Centro,-25.425822,-49.175022,2025-09-21,09:50,Semáforo apresenta falha no funcionamento.,/uploads/ocorrencia_839.jpg,Média,Secretaria de Trânsito,Equipe 15,3,Resolvida,2025-09-21,Semáforo reparado,2025-09-24,3,Serviço concluído e área liberada.
840,Buraco na rua,"Rua XV de Novembro, 422",São Lucas,-25.495965,-49.153457,2025-04-18,16:29,"Buraco identificado na via, oferecendo risco aos veículos.",/uploads/ocorrencia_840.jpg,Média,Secretaria de Obras,Equipe 02,3,Resolvida,2025-04-18,Buraco preenchido e via recapeada,2025-04-20,2,Serviço concluído e área liberada.
841,Iluminação pública,"Avenida Curitiba, 717",Jardim das Flores,-25.40661,-49.224607,2024-03-03,03:47,Poste com iluminação defeituosa ou apagada.,/uploads/ocorrencia_841.jpg,Baixa,Secretaria de Serviços Públicos,Equipe 09,10,Resolvida,2024-03-05,Lâmpada e componentes elétricos substituídos,2024-03-12,9,Ocorrência encaminhada para equipe responsável.
842,Semáforo com defeito,"Rua XV de Novembro, 238",Vila Nova,-25.352168,-49.398387,2025-10-17,04:19,Semáforo apresenta falha no funcionamento.,/uploads/ocorrencia_842.jpg,Alta,Secretaria de Trânsito,Equipe 08,3,Resolvida,2025-10-19,Semáforo reparado,2025-10-19,2,Problema solucionado após intervenção da equipe.
843,Calçada quebrada,"Avenida Brasil, 10",Bairro Novo,-25.455252,-49.191818,2024-05-03,16:06,"Trecho da calçada danificado, dificultando a passagem.",/uploads/ocorrencia_843.jpg,Baixa,Secretaria de Obras,Equipe 08,5,Resolvida,2024-05-03,Calçada reparada,2024-05-05,2,Necessária vistoria técnica antes do atendimento.
844,Buraco na rua,"Avenida Central, 424",Bairro Novo,-25.413736,-49.185172,2024-07-07,07:53,"Buraco identificado na via, oferecendo risco aos veículos.",/uploads/ocorrencia_844.jpg,Média,Secretaria de Obras,Equipe 10,7,Resolvida,2024-07-09,Buraco preenchido e via recapeada,2024-07-11,4,Atendimento realizado dentro do prazo.
845,Árvore caída,"Rua das Flores, 199",Jardim América,-25.410074,-49.349912,2026-02-01,21:15,Árvore caída ocupando parte da via ou calçada.,/uploads/ocorrencia_845.jpg,Baixa,Secretaria de Meio Ambiente,Equipe 08,5,Resolvida,2026-02-03,Árvore removida e área liberada,2026-02-06,5,Serviço concluído e área liberada.
846,Alagamento,"Avenida Curitiba, 386",Bairro Novo,-25.387301,-49.362958,2025-02-04,12:44,Ponto da via apresenta acúmulo de água após chuva.,/uploads/ocorrencia_846.jpg,Média,Secretaria de Obras,Equipe 05,3,Resolvida,2025-02-05,Drenagem desobstruída e reparada,2025-02-07,3,Necessária vistoria técnica antes do atendimento.
847,Iluminação pública,"Rua das Flores, 604",São Lucas,-25.541474,-49.173235,2025-10-22,20:57,Poste com iluminação defeituosa ou apagada.,/uploads/ocorrencia_847.jpg,Baixa,Secretaria de Serviços Públicos,Equipe 03,10,Resolvida,2025-10-23,Lâmpada e componentes elétricos substituídos,2025-11-01,10,Necessária vistoria técnica antes do atendimento.
848,Vazamento de água,"Rua das Flores, 172",Jardim das Flores,-25.537447,-49.23602,2026-05-26,16:13,Vazamento de água identificado na via pública.,/uploads/ocorrencia_848.jpg,Média,Serviço de Abastecimento de Água,Equipe 06,5,Resolvida,2026-05-28,Vazamento reparado,2026-05-31,5,Problema solucionado após intervenção da equipe.
849,Placa danificada,"Rua XV de Novembro, 295",Vila Nova,-25.453251,-49.159361,2025-11-05,09:59,Placa de sinalização danificada ou ilegível.,/uploads/ocorrencia_849.jpg,Média,Secretaria de Trânsito,Equipe 10,5,Resolvida,2025-11-07,Placa substituída,2025-11-07,2,Ocorrência encaminhada para equipe responsável.
850,Semáforo com defeito,"Rua XV de Novembro, 724",Jardim das Flores,-25.541014,-49.186992,2025-08-17,11:37,Semáforo apresenta falha no funcionamento.,/uploads/ocorrencia_850.jpg,Baixa,Secretaria de Trânsito,Equipe 03,10,Resolvida,2025-08-17,Semáforo reparado,2025-08-24,7,Ocorrência encaminhada para equipe responsável.
851,Iluminação pública,"Avenida Curitiba, 966",Bairro Novo,-25.370041,-49.356501,2024-11-27,07:49,Poste com iluminação defeituosa ou apagada.,/uploads/ocorrencia_851.jpg,Média,Secretaria de Serviços Públicos,Equipe 15,7,Resolvida,2024-11-27,Lâmpada e componentes elétricos substituídos,2024-11-30,3,Necessária vistoria técnica antes do atendimento.
852,Árvore caída,"Rua das Flores, 636",Bairro Novo,-25.428693,-49.18983,2024-02-08,23:04,Árvore caída ocupando parte da via ou calçada.,/uploads/ocorrencia_852.jpg,Baixa,Secretaria de Meio Ambiente,Equipe 15,7,Resolvida,2024-02-09,Árvore removida e área liberada,2024-02-15,7,Ocorrência encaminhada para equipe responsável.
853,Placa danificada,"Avenida Curitiba, 396",Bairro Novo,-25.451779,-49.230288,2025-10-14,18:35,Placa de sinalização danificada ou ilegível.,/uploads/ocorrencia_853.jpg,Baixa,Secretaria de Trânsito,Equipe 04,5,Resolvida,2025-10-15,Placa substituída,2025-10-16,2,Ocorrência encaminhada para equipe responsável.
854,Lixo acumulado,"Rua Paraná, 98",São Lucas,-25.371342,-49.31011,2025-10-06,21:06,Acúmulo de resíduos em área pública.,/uploads/ocorrencia_854.jpg,Média,Secretaria de Limpeza,Equipe 07,3,Resolvida,2025-10-06,Resíduos recolhidos e área limpa,2025-10-08,2,Problema solucionado após intervenção da equipe.
855,Semáforo com defeito,"Rua São José, 199",Bairro Novo,-25.435926,-49.281567,2026-01-15,20:33,Semáforo apresenta falha no funcionamento.,/uploads/ocorrencia_855.jpg,Média,Secretaria de Trânsito,Equipe 06,5,Resolvida,2026-01-15,Semáforo reparado,2026-01-18,3,Serviço concluído e área liberada.
856,Semáforo com defeito,"Avenida Brasil, 459",Jardim América,-25.490355,-49.370518,2025-01-20,02:36,Semáforo apresenta falha no funcionamento.,/uploads/ocorrencia_856.jpg,Média,Secretaria de Trânsito,Equipe 04,3,Resolvida,2025-01-22,Semáforo reparado,2025-01-22,2,Atendimento realizado dentro do prazo.
857,Semáforo com defeito,"Rua das Flores, 239",Boa Vista,-25.375511,-49.360534,2024-10-23,08:24,Semáforo apresenta falha no funcionamento.,/uploads/ocorrencia_857.jpg,Alta,Secretaria de Trânsito,Equipe 05,3,Resolvida,2024-10-23,Semáforo reparado,2024-10-25,2,Atendimento realizado dentro do prazo.
858,Semáforo com defeito,"Avenida Central, 418",Vila Esperança,-25.419354,-49.391931,2025-07-13,22:57,Semáforo apresenta falha no funcionamento.,/uploads/ocorrencia_858.jpg,Média,Secretaria de Trânsito,Equipe 07,3,Resolvida,2025-07-14,Semáforo reparado,2025-07-16,3,Serviço concluído e área liberada.
859,Calçada quebrada,"Rua das Flores, 152",Boa Vista,-25.451289,-49.198584,2026-04-16,23:21,"Trecho da calçada danificado, dificultando a passagem.",/uploads/ocorrencia_859.jpg,Baixa,Secretaria de Obras,Equipe 10,10,Resolvida,2026-04-16,Calçada reparada,2026-04-17,1,Problema solucionado após intervenção da equipe.
860,Buraco na rua,"Avenida Brasil, 982",Boa Vista,-25.495898,-49.389565,2026-01-27,19:59,"Buraco identificado na via, oferecendo risco aos veículos.",/uploads/ocorrencia_860.jpg,Média,Secretaria de Obras,Equipe 01,3,Resolvida,2026-01-27,Buraco preenchido e via recapeada,2026-01-30,3,Necessária vistoria técnica antes do atendimento.
861,Semáforo com defeito,"Rua São José, 451",Vila Esperança,-25.443163,-49.184926,2026-03-11,07:01,Semáforo apresenta falha no funcionamento.,/uploads/ocorrencia_861.jpg,Média,Secretaria de Trânsito,Equipe 11,3,Resolvida,2026-03-11,Semáforo reparado,2026-03-13,2,Atendimento realizado dentro do prazo.
862,Semáforo com defeito,"Rua das Flores, 406",Vila Nova,-25.522446,-49.290512,2025-12-13,04:27,Semáforo apresenta falha no funcionamento.,/uploads/ocorrencia_862.jpg,Média,Secretaria de Trânsito,Equipe 15,7,Resolvida,2025-12-15,Semáforo reparado,2025-12-18,5,Problema solucionado após intervenção da equipe.
863,Placa danificada,"Rua Paraná, 361",Boa Vista,-25.467387,-49.211858,2024-02-29,07:14,Placa de sinalização danificada ou ilegível.,/uploads/ocorrencia_863.jpg,Média,Secretaria de Trânsito,Equipe 13,3,Resolvida,2024-02-29,Placa substituída,2024-03-02,2,Problema solucionado após intervenção da equipe.
864,Buraco na rua,"Rua Paraná, 842",Centro,-25.487175,-49.249396,2024-02-28,04:28,"Buraco identificado na via, oferecendo risco aos veículos.",/uploads/ocorrencia_864.jpg,Baixa,Secretaria de Obras,Equipe 15,5,Resolvida,2024-02-28,Buraco preenchido e via recapeada,2024-03-02,3,Ocorrência encaminhada para equipe responsável.
865,Alagamento,"Rua das Palmeiras, 500",Jardim América,-25.408949,-49.196644,2025-11-03,02:04,Ponto da via apresenta acúmulo de água após chuva.,/uploads/ocorrencia_865.jpg,Média,Secretaria de Obras,Equipe 15,5,Resolvida,2025-11-04,Drenagem desobstruída e reparada,2025-11-06,3,Ocorrência encaminhada para equipe responsável.
866,Vazamento de água,"Rua São José, 808",Jardim das Flores,-25.410446,-49.274139,2026-06-08,20:15,Vazamento de água identificado na via pública.,/uploads/ocorrencia_866.jpg,Média,Serviço de Abastecimento de Água,Equipe 01,7,Resolvida,2026-06-09,Vazamento reparado,2026-06-12,4,Serviço concluído e área liberada.
867,Árvore caída,"Avenida Central, 90",Vila Nova,-25.507846,-49.306903,2024-05-20,16:14,Árvore caída ocupando parte da via ou calçada.,/uploads/ocorrencia_867.jpg,Baixa,Secretaria de Meio Ambiente,Equipe 14,7,Resolvida,2024-05-22,Árvore removida e área liberada,2024-05-26,6,Ocorrência encaminhada para equipe responsável.
868,Buraco na rua,"Avenida Curitiba, 675",Vila Esperança,-25.432352,-49.324897,2024-04-26,00:31,"Buraco identificado na via, oferecendo risco aos veículos.",/uploads/ocorrencia_868.jpg,Média,Secretaria de Obras,Equipe 02,3,Resolvida,2024-04-27,Buraco preenchido e via recapeada,2024-04-29,3,Atendimento realizado dentro do prazo.
869,Alagamento,"Avenida Curitiba, 29",São Lucas,-25.513115,-49.292229,2025-01-28,14:02,Ponto da via apresenta acúmulo de água após chuva.,/uploads/ocorrencia_869.jpg,Alta,Secretaria de Obras,Equipe 01,1,Resolvida,2025-01-29,Drenagem desobstruída e reparada,2025-01-29,1,Serviço concluído e área liberada.
870,Buraco na rua,"Rua das Flores, 941",Boa Vista,-25.481811,-49.19269,2024-12-10,08:51,"Buraco identificado na via, oferecendo risco aos veículos.",/uploads/ocorrencia_870.jpg,Média,Secretaria de Obras,Equipe 07,7,Resolvida,2024-12-10,Buraco preenchido e via recapeada,2024-12-13,3,Necessária vistoria técnica antes do atendimento.
871,Buraco na rua,"Rua das Palmeiras, 985",Bairro Novo,-25.435479,-49.257924,2025-11-25,09:54,"Buraco identificado na via, oferecendo risco aos veículos.",/uploads/ocorrencia_871.jpg,Média,Secretaria de Obras,Equipe 09,7,Resolvida,2025-11-26,Buraco preenchido e via recapeada,2025-11-30,5,Serviço concluído e área liberada.
872,Lixo acumulado,"Avenida Curitiba, 773",São Lucas,-25.359807,-49.378616,2024-08-31,04:58,Acúmulo de resíduos em área pública.,/uploads/ocorrencia_872.jpg,Alta,Secretaria de Limpeza,Equipe 04,1,Resolvida,2024-09-02,Resíduos recolhidos e área limpa,2024-09-01,1,Problema solucionado após intervenção da equipe.
873,Alagamento,"Rua das Palmeiras, 49",Boa Vista,-25.488621,-49.234806,2025-01-05,08:42,Ponto da via apresenta acúmulo de água após chuva.,/uploads/ocorrencia_873.jpg,Média,Secretaria de Obras,Equipe 14,5,Resolvida,2025-01-05,Drenagem desobstruída e reparada,2025-01-07,2,Serviço concluído e área liberada.
874,Lixo acumulado,"Avenida Curitiba, 27",Vila Nova,-25.538283,-49.165291,2025-04-22,01:22,Acúmulo de resíduos em área pública.,/uploads/ocorrencia_874.jpg,Média,Secretaria de Limpeza,Equipe 05,5,Resolvida,2025-04-23,Resíduos recolhidos e área limpa,2025-04-25,3,Problema solucionado após intervenção da equipe.
875,Semáforo com defeito,"Avenida Brasil, 461",Boa Vista,-25.423932,-49.363275,2026-02-23,08:16,Semáforo apresenta falha no funcionamento.,/uploads/ocorrencia_875.jpg,Baixa,Secretaria de Trânsito,Equipe 10,7,Resolvida,2026-02-23,Semáforo reparado,2026-02-25,2,Atendimento realizado dentro do prazo.
876,Calçada quebrada,"Rua das Flores, 198",Bairro Novo,-25.406528,-49.384797,2026-05-31,14:37,"Trecho da calçada danificado, dificultando a passagem.",/uploads/ocorrencia_876.jpg,Média,Secretaria de Obras,Equipe 12,5,Resolvida,2026-06-02,Calçada reparada,2026-06-02,2,Serviço concluído e área liberada.
877,Alagamento,"Rua São José, 563",Centro,-25.461237,-49.272241,2025-09-06,07:22,Ponto da via apresenta acúmulo de água após chuva.,/uploads/ocorrencia_877.jpg,Média,Secretaria de Obras,Equipe 04,3,Resolvida,2025-09-08,Drenagem desobstruída e reparada,2025-09-08,2,Ocorrência encaminhada para equipe responsável.
878,Placa danificada,"Rua das Palmeiras, 83",Boa Vista,-25.392367,-49.316254,2026-06-15,09:09,Placa de sinalização danificada ou ilegível.,/uploads/ocorrencia_878.jpg,Média,Secretaria de Trânsito,Equipe 07,3,Resolvida,2026-06-17,Placa substituída,2026-06-18,3,Serviço concluído e área liberada.
879,Vazamento de água,"Rua das Flores, 174",Jardim das Flores,-25.428192,-49.197991,2024-10-24,04:58,Vazamento de água identificado na via pública.,/uploads/ocorrencia_879.jpg,Média,Serviço de Abastecimento de Água,Equipe 09,7,Resolvida,2024-10-24,Vazamento reparado,2024-10-26,2,Problema solucionado após intervenção da equipe.
880,Placa danificada,"Rua das Palmeiras, 860",Vila Esperança,-25.358275,-49.15192,2025-11-03,23:09,Placa de sinalização danificada ou ilegível.,/uploads/ocorrencia_880.jpg,Média,Secretaria de Trânsito,Equipe 10,5,Resolvida,2025-11-03,Placa substituída,2025-11-05,2,Problema solucionado após intervenção da equipe.
881,Semáforo com defeito,"Avenida Brasil, 877",São Lucas,-25.496163,-49.190998,2026-03-28,01:38,Semáforo apresenta falha no funcionamento.,/uploads/ocorrencia_881.jpg,Alta,Secretaria de Trânsito,Equipe 05,2,Resolvida,2026-03-29,Semáforo reparado,2026-03-30,2,Ocorrência encaminhada para equipe responsável.
882,Placa danificada,"Rua São José, 246",Vila Esperança,-25.358478,-49.297519,2026-02-05,03:44,Placa de sinalização danificada ou ilegível.,/uploads/ocorrencia_882.jpg,Média,Secretaria de Trânsito,Equipe 02,3,Resolvida,2026-02-07,Placa substituída,2026-02-08,3,Serviço concluído e área liberada.
883,Semáforo com defeito,"Rua São José, 679",Bairro Novo,-25.384436,-49.153314,2024-08-23,14:50,Semáforo apresenta falha no funcionamento.,/uploads/ocorrencia_883.jpg,Média,Secretaria de Trânsito,Equipe 15,5,Resolvida,2024-08-25,Semáforo reparado,2024-08-26,3,Problema solucionado após intervenção da equipe.
884,Calçada quebrada,"Rua XV de Novembro, 630",São Lucas,-25.465795,-49.154188,2024-10-20,10:20,"Trecho da calçada danificado, dificultando a passagem.",/uploads/ocorrencia_884.jpg,Baixa,Secretaria de Obras,Equipe 10,5,Resolvida,2024-10-21,Calçada reparada,2024-10-21,1,Necessária vistoria técnica antes do atendimento.
885,Calçada quebrada,"Avenida Curitiba, 25",Jardim América,-25.529801,-49.182635,2025-03-04,08:48,"Trecho da calçada danificado, dificultando a passagem.",/uploads/ocorrencia_885.jpg,Baixa,Secretaria de Obras,Equipe 14,10,Resolvida,2025-03-06,Calçada reparada,2025-03-12,8,Necessária vistoria técnica antes do atendimento.
886,Buraco na rua,"Avenida Brasil, 145",Jardim América,-25.469536,-49.260765,2025-06-26,12:57,"Buraco identificado na via, oferecendo risco aos veículos.",/uploads/ocorrencia_886.jpg,Média,Secretaria de Obras,Equipe 12,5,Resolvida,2025-06-26,Buraco preenchido e via recapeada,2025-06-30,4,Serviço concluído e área liberada.
887,Iluminação pública,"Rua São José, 615",Boa Vista,-25.367865,-49.242292,2024-04-20,23:02,Poste com iluminação defeituosa ou apagada.,/uploads/ocorrencia_887.jpg,Média,Secretaria de Serviços Públicos,Equipe 12,3,Resolvida,2024-04-21,Lâmpada e componentes elétricos substituídos,2024-04-23,3,Necessária vistoria técnica antes do atendimento.
888,Alagamento,"Rua XV de Novembro, 761",Vila Nova,-25.37088,-49.251612,2026-02-23,18:58,Ponto da via apresenta acúmulo de água após chuva.,/uploads/ocorrencia_888.jpg,Baixa,Secretaria de Obras,Equipe 06,10,Resolvida,2026-02-23,Drenagem desobstruída e reparada,2026-02-25,2,Necessária vistoria técnica antes do atendimento.
889,Árvore caída,"Avenida Curitiba, 190",Boa Vista,-25.451341,-49.387928,2025-08-25,08:49,Árvore caída ocupando parte da via ou calçada.,/uploads/ocorrencia_889.jpg,Média,Secretaria de Meio Ambiente,Equipe 09,3,Resolvida,2025-08-26,Árvore removida e área liberada,2025-08-27,2,Problema solucionado após intervenção da equipe.
890,Semáforo com defeito,"Avenida Central, 340",São Lucas,-25.446173,-49.256216,2026-02-14,05:09,Semáforo apresenta falha no funcionamento.,/uploads/ocorrencia_890.jpg,Média,Secretaria de Trânsito,Equipe 10,3,Resolvida,2026-02-15,Semáforo reparado,2026-02-16,2,Serviço concluído e área liberada.
891,Iluminação pública,"Avenida Central, 179",Boa Vista,-25.362159,-49.335143,2024-10-07,15:28,Poste com iluminação defeituosa ou apagada.,/uploads/ocorrencia_891.jpg,Baixa,Secretaria de Serviços Públicos,Equipe 10,5,Resolvida,2024-10-08,Lâmpada e componentes elétricos substituídos,2024-10-09,2,Atendimento realizado dentro do prazo.
892,Calçada quebrada,"Rua XV de Novembro, 108",Jardim das Flores,-25.369492,-49.160036,2026-05-08,16:48,"Trecho da calçada danificado, dificultando a passagem.",/uploads/ocorrencia_892.jpg,Baixa,Secretaria de Obras,Equipe 09,5,Resolvida,2026-05-10,Calçada reparada,2026-05-09,1,Problema solucionado após intervenção da equipe.
893,Calçada quebrada,"Avenida Curitiba, 862",Centro,-25.461035,-49.368455,2025-01-13,06:18,"Trecho da calçada danificado, dificultando a passagem.",/uploads/ocorrencia_893.jpg,Alta,Secretaria de Obras,Equipe 08,3,Resolvida,2025-01-15,Calçada reparada,2025-01-15,2,Serviço concluído e área liberada.
894,Iluminação pública,"Avenida Curitiba, 920",Bairro Novo,-25.416257,-49.15789,2024-09-26,02:55,Poste com iluminação defeituosa ou apagada.,/uploads/ocorrencia_894.jpg,Média,Secretaria de Serviços Públicos,Equipe 13,3,Resolvida,2024-09-28,Lâmpada e componentes elétricos substituídos,2024-09-29,3,Atendimento realizado dentro do prazo.
895,Calçada quebrada,"Rua São José, 170",Bairro Novo,-25.394591,-49.223298,2024-10-09,14:40,"Trecho da calçada danificado, dificultando a passagem.",/uploads/ocorrencia_895.jpg,Média,Secretaria de Obras,Equipe 06,7,Resolvida,2024-10-11,Calçada reparada,2024-10-15,6,Atendimento realizado dentro do prazo.
896,Árvore caída,"Rua São José, 204",Bairro Novo,-25.500817,-49.253414,2025-11-07,20:02,Árvore caída ocupando parte da via ou calçada.,/uploads/ocorrencia_896.jpg,Alta,Secretaria de Meio Ambiente,Equipe 14,3,Resolvida,2025-11-07,Árvore removida e área liberada,2025-11-10,3,Ocorrência encaminhada para equipe responsável.
897,Calçada quebrada,"Avenida Curitiba, 165",Jardim das Flores,-25.423045,-49.377822,2024-07-10,23:31,"Trecho da calçada danificado, dificultando a passagem.",/uploads/ocorrencia_897.jpg,Média,Secretaria de Obras,Equipe 09,5,Resolvida,2024-07-10,Calçada reparada,2024-07-13,3,Ocorrência encaminhada para equipe responsável.
898,Buraco na rua,"Avenida Brasil, 512",São Lucas,-25.497385,-49.304927,2024-08-01,22:11,"Buraco identificado na via, oferecendo risco aos veículos.",/uploads/ocorrencia_898.jpg,Média,Secretaria de Obras,Equipe 10,3,Resolvida,2024-08-03,Buraco preenchido e via recapeada,2024-08-04,3,Ocorrência encaminhada para equipe responsável.
899,Placa danificada,"Rua XV de Novembro, 908",Vila Nova,-25.471558,-49.310718,2024-08-25,09:42,Placa de sinalização danificada ou ilegível.,/uploads/ocorrencia_899.jpg,Baixa,Secretaria de Trânsito,Equipe 08,7,Resolvida,2024-08-27,Placa substituída,2024-08-29,4,Serviço concluído e área liberada.
900,Iluminação pública,"Avenida Brasil, 996",Vila Esperança,-25.417516,-49.371045,2026-02-12,09:26,Poste com iluminação defeituosa ou apagada.,/uploads/ocorrencia_900.jpg,Alta,Secretaria de Serviços Públicos,Equipe 08,2,Resolvida,2026-02-12,Lâmpada e componentes elétricos substituídos,2026-02-14,2,Serviço concluído e área liberada.
901,Iluminação pública,"Rua das Palmeiras, 731",Boa Vista,-25.544207,-49.333019,2025-05-10,15:38,Poste com iluminação defeituosa ou apagada.,/uploads/ocorrencia_901.jpg,Baixa,Secretaria de Serviços Públicos,Equipe 04,7,Resolvida,2025-05-10,Lâmpada e componentes elétricos substituídos,2025-05-16,6,Necessária vistoria técnica antes do atendimento.
902,Buraco na rua,"Avenida Central, 701",Boa Vista,-25.496337,-49.217953,2025-02-04,14:27,"Buraco identificado na via, oferecendo risco aos veículos.",/uploads/ocorrencia_902.jpg,Baixa,Secretaria de Obras,Equipe 06,7,Resolvida,2025-02-04,Buraco preenchido e via recapeada,2025-02-07,3,Atendimento realizado dentro do prazo.
903,Alagamento,"Rua das Palmeiras, 236",Vila Nova,-25.42785,-49.367696,2024-06-19,17:13,Ponto da via apresenta acúmulo de água após chuva.,/uploads/ocorrencia_903.jpg,Média,Secretaria de Obras,Equipe 09,7,Resolvida,2024-06-21,Drenagem desobstruída e reparada,2024-06-21,2,Atendimento realizado dentro do prazo.
904,Buraco na rua,"Avenida Brasil, 809",São Lucas,-25.507907,-49.266132,2024-12-27,17:04,"Buraco identificado na via, oferecendo risco aos veículos.",/uploads/ocorrencia_904.jpg,Média,Secretaria de Obras,Equipe 03,7,Resolvida,2024-12-29,Buraco preenchido e via recapeada,2024-12-29,2,Problema solucionado após intervenção da equipe.
905,Árvore caída,"Avenida Central, 830",Vila Esperança,-25.500259,-49.39659,2025-01-17,10:26,Árvore caída ocupando parte da via ou calçada.,/uploads/ocorrencia_905.jpg,Baixa,Secretaria de Meio Ambiente,Equipe 14,5,Resolvida,2025-01-19,Árvore removida e área liberada,2025-01-22,5,Atendimento realizado dentro do prazo.
906,Semáforo com defeito,"Rua das Palmeiras, 820",Bairro Novo,-25.395518,-49.338173,2024-06-09,09:19,Semáforo apresenta falha no funcionamento.,/uploads/ocorrencia_906.jpg,Média,Secretaria de Trânsito,Equipe 05,3,Resolvida,2024-06-11,Semáforo reparado,2024-06-11,2,Atendimento realizado dentro do prazo.
907,Árvore caída,"Rua XV de Novembro, 847",São Lucas,-25.547052,-49.192437,2024-10-03,02:04,Árvore caída ocupando parte da via ou calçada.,/uploads/ocorrencia_907.jpg,Média,Secretaria de Meio Ambiente,Equipe 10,3,Resolvida,2024-10-03,Árvore removida e área liberada,2024-10-06,3,Ocorrência encaminhada para equipe responsável.
908,Iluminação pública,"Rua Paraná, 861",São Lucas,-25.489569,-49.285274,2024-11-15,10:27,Poste com iluminação defeituosa ou apagada.,/uploads/ocorrencia_908.jpg,Média,Secretaria de Serviços Públicos,Equipe 02,7,Resolvida,2024-11-15,Lâmpada e componentes elétricos substituídos,2024-11-22,7,Serviço concluído e área liberada.
909,Vazamento de água,"Avenida Central, 449",São Lucas,-25.443359,-49.338846,2025-02-20,17:17,Vazamento de água identificado na via pública.,/uploads/ocorrencia_909.jpg,Baixa,Serviço de Abastecimento de Água,Equipe 01,7,Resolvida,2025-02-22,Vazamento reparado,2025-02-23,3,Necessária vistoria técnica antes do atendimento.
910,Árvore caída,"Avenida Brasil, 473",Boa Vista,-25.454639,-49.372763,2024-01-26,12:49,Árvore caída ocupando parte da via ou calçada.,/uploads/ocorrencia_910.jpg,Baixa,Secretaria de Meio Ambiente,Equipe 05,5,Resolvida,2024-01-27,Árvore removida e área liberada,2024-01-30,4,Serviço concluído e área liberada.
911,Lixo acumulado,"Avenida Brasil, 584",Bairro Novo,-25.469361,-49.190482,2026-06-04,15:37,Acúmulo de resíduos em área pública.,/uploads/ocorrencia_911.jpg,Baixa,Secretaria de Limpeza,Equipe 09,5,Resolvida,2026-06-04,Resíduos recolhidos e área limpa,2026-06-05,1,Problema solucionado após intervenção da equipe.
912,Calçada quebrada,"Avenida Curitiba, 268",Centro,-25.4122,-49.250317,2026-01-28,10:53,"Trecho da calçada danificado, dificultando a passagem.",/uploads/ocorrencia_912.jpg,Média,Secretaria de Obras,Equipe 14,3,Resolvida,2026-01-29,Calçada reparada,2026-01-30,2,Atendimento realizado dentro do prazo.
913,Alagamento,"Avenida Curitiba, 568",Vila Esperança,-25.439039,-49.215079,2025-10-29,07:20,Ponto da via apresenta acúmulo de água após chuva.,/uploads/ocorrencia_913.jpg,Média,Secretaria de Obras,Equipe 12,5,Resolvida,2025-10-31,Drenagem desobstruída e reparada,2025-11-03,5,Atendimento realizado dentro do prazo.
914,Iluminação pública,"Avenida Brasil, 394",São Lucas,-25.510526,-49.182563,2024-01-14,05:33,Poste com iluminação defeituosa ou apagada.,/uploads/ocorrencia_914.jpg,Baixa,Secretaria de Serviços Públicos,Equipe 02,10,Resolvida,2024-01-14,Lâmpada e componentes elétricos substituídos,2024-01-16,2,Atendimento realizado dentro do prazo.
915,Árvore caída,"Rua XV de Novembro, 651",Vila Nova,-25.548148,-49.370604,2025-05-13,04:47,Árvore caída ocupando parte da via ou calçada.,/uploads/ocorrencia_915.jpg,Alta,Secretaria de Meio Ambiente,Equipe 05,3,Resolvida,2025-05-14,Árvore removida e área liberada,2025-05-15,2,Serviço concluído e área liberada.
916,Semáforo com defeito,"Rua São José, 587",Boa Vista,-25.359601,-49.307187,2024-05-24,09:33,Semáforo apresenta falha no funcionamento.,/uploads/ocorrencia_916.jpg,Média,Secretaria de Trânsito,Equipe 10,7,Resolvida,2024-05-26,Semáforo reparado,2024-05-27,3,Serviço concluído e área liberada.
917,Vazamento de água,"Rua Paraná, 968",Vila Nova,-25.406984,-49.281532,2026-02-03,23:54,Vazamento de água identificado na via pública.,/uploads/ocorrencia_917.jpg,Baixa,Serviço de Abastecimento de Água,Equipe 06,5,Resolvida,2026-02-05,Vazamento reparado,2026-02-05,2,Necessária vistoria técnica antes do atendimento.
918,Lixo acumulado,"Avenida Curitiba, 78",Jardim América,-25.53123,-49.285352,2024-01-06,09:44,Acúmulo de resíduos em área pública.,/uploads/ocorrencia_918.jpg,Alta,Secretaria de Limpeza,Equipe 02,1,Resolvida,2024-01-08,Resíduos recolhidos e área limpa,2024-01-07,1,Atendimento realizado dentro do prazo.
919,Vazamento de água,"Avenida Brasil, 368",Jardim América,-25.493162,-49.172122,2024-08-19,11:40,Vazamento de água identificado na via pública.,/uploads/ocorrencia_919.jpg,Média,Serviço de Abastecimento de Água,Equipe 07,3,Resolvida,2024-08-20,Vazamento reparado,2024-08-21,2,Problema solucionado após intervenção da equipe.
920,Alagamento,"Rua das Palmeiras, 966",Boa Vista,-25.519516,-49.217335,2025-07-08,20:42,Ponto da via apresenta acúmulo de água após chuva.,/uploads/ocorrencia_920.jpg,Baixa,Secretaria de Obras,Equipe 05,5,Resolvida,2025-07-10,Drenagem desobstruída e reparada,2025-07-09,1,Ocorrência encaminhada para equipe responsável.
921,Alagamento,"Rua XV de Novembro, 826",Bairro Novo,-25.494552,-49.198175,2025-10-22,12:21,Ponto da via apresenta acúmulo de água após chuva.,/uploads/ocorrencia_921.jpg,Média,Secretaria de Obras,Equipe 14,7,Resolvida,2025-10-24,Drenagem desobstruída e reparada,2025-10-28,6,Problema solucionado após intervenção da equipe.
922,Vazamento de água,"Rua XV de Novembro, 12",Vila Esperança,-25.517036,-49.181346,2024-08-09,02:59,Vazamento de água identificado na via pública.,/uploads/ocorrencia_922.jpg,Média,Serviço de Abastecimento de Água,Equipe 06,7,Resolvida,2024-08-09,Vazamento reparado,2024-08-12,3,Atendimento realizado dentro do prazo.
923,Buraco na rua,"Avenida Curitiba, 445",Jardim América,-25.471351,-49.20652,2024-11-30,09:32,"Buraco identificado na via, oferecendo risco aos veículos.",/uploads/ocorrencia_923.jpg,Média,Secretaria de Obras,Equipe 12,3,Resolvida,2024-12-02,Buraco preenchido e via recapeada,2024-12-02,2,Necessária vistoria técnica antes do atendimento.
924,Placa danificada,"Rua São José, 553",Jardim das Flores,-25.521423,-49.290689,2025-09-11,06:10,Placa de sinalização danificada ou ilegível.,/uploads/ocorrencia_924.jpg,Baixa,Secretaria de Trânsito,Equipe 08,10,Resolvida,2025-09-13,Placa substituída,2025-09-16,5,Necessária vistoria técnica antes do atendimento.
925,Alagamento,"Rua das Palmeiras, 677",Bairro Novo,-25.480802,-49.293981,2024-01-26,11:54,Ponto da via apresenta acúmulo de água após chuva.,/uploads/ocorrencia_925.jpg,Baixa,Secretaria de Obras,Equipe 10,7,Resolvida,2024-01-28,Drenagem desobstruída e reparada,2024-02-02,7,Problema solucionado após intervenção da equipe.
926,Calçada quebrada,"Rua São José, 193",São Lucas,-25.432762,-49.317887,2024-01-11,06:28,"Trecho da calçada danificado, dificultando a passagem.",/uploads/ocorrencia_926.jpg,Alta,Secretaria de Obras,Equipe 15,2,Resolvida,2024-01-11,Calçada reparada,2024-01-12,1,Serviço concluído e área liberada.
927,Alagamento,"Avenida Central, 44",Centro,-25.424946,-49.157215,2025-10-19,15:25,Ponto da via apresenta acúmulo de água após chuva.,/uploads/ocorrencia_927.jpg,Média,Secretaria de Obras,Equipe 14,3,Resolvida,2025-10-20,Drenagem desobstruída e reparada,2025-10-22,3,Atendimento realizado dentro do prazo.
928,Vazamento de água,"Avenida Curitiba, 187",Vila Nova,-25.476093,-49.24677,2026-06-14,20:48,Vazamento de água identificado na via pública.,/uploads/ocorrencia_928.jpg,Média,Serviço de Abastecimento de Água,Equipe 12,7,Resolvida,2026-06-14,Vazamento reparado,2026-06-16,2,Ocorrência encaminhada para equipe responsável.
929,Lixo acumulado,"Avenida Brasil, 439",Jardim América,-25.487153,-49.185527,2024-05-02,01:28,Acúmulo de resíduos em área pública.,/uploads/ocorrencia_929.jpg,Alta,Secretaria de Limpeza,Equipe 05,3,Resolvida,2024-05-02,Resíduos recolhidos e área limpa,2024-05-05,3,Ocorrência encaminhada para equipe responsável.
930,Buraco na rua,"Rua São José, 929",Boa Vista,-25.469365,-49.190571,2025-08-23,23:23,"Buraco identificado na via, oferecendo risco aos veículos.",/uploads/ocorrencia_930.jpg,Média,Secretaria de Obras,Equipe 11,7,Resolvida,2025-08-25,Buraco preenchido e via recapeada,2025-08-25,2,Atendimento realizado dentro do prazo.
931,Iluminação pública,"Rua XV de Novembro, 756",Vila Esperança,-25.412257,-49.297687,2024-06-25,14:02,Poste com iluminação defeituosa ou apagada.,/uploads/ocorrencia_931.jpg,Baixa,Secretaria de Serviços Públicos,Equipe 11,7,Resolvida,2024-06-25,Lâmpada e componentes elétricos substituídos,2024-06-30,5,Atendimento realizado dentro do prazo.
932,Alagamento,"Rua São José, 130",Jardim das Flores,-25.526748,-49.37736,2025-08-04,22:05,Ponto da via apresenta acúmulo de água após chuva.,/uploads/ocorrencia_932.jpg,Baixa,Secretaria de Obras,Equipe 12,10,Resolvida,2025-08-04,Drenagem desobstruída e reparada,2025-08-12,8,Atendimento realizado dentro do prazo.
933,Lixo acumulado,"Rua das Flores, 795",Boa Vista,-25.37456,-49.164191,2024-01-11,06:40,Acúmulo de resíduos em área pública.,/uploads/ocorrencia_933.jpg,Baixa,Secretaria de Limpeza,Equipe 05,7,Resolvida,2024-01-11,Resíduos recolhidos e área limpa,2024-01-15,4,Ocorrência encaminhada para equipe responsável.
934,Lixo acumulado,"Rua das Flores, 398",Jardim das Flores,-25.504808,-49.352939,2024-07-01,08:08,Acúmulo de resíduos em área pública.,/uploads/ocorrencia_934.jpg,Média,Secretaria de Limpeza,Equipe 15,7,Resolvida,2024-07-02,Resíduos recolhidos e área limpa,2024-07-05,4,Ocorrência encaminhada para equipe responsável.
935,Lixo acumulado,"Avenida Central, 724",Jardim das Flores,-25.395526,-49.269239,2024-04-04,15:22,Acúmulo de resíduos em área pública.,/uploads/ocorrencia_935.jpg,Média,Secretaria de Limpeza,Equipe 14,7,Resolvida,2024-04-05,Resíduos recolhidos e área limpa,2024-04-08,4,Ocorrência encaminhada para equipe responsável.
936,Buraco na rua,"Rua XV de Novembro, 560",São Lucas,-25.508511,-49.225087,2025-12-20,13:22,"Buraco identificado na via, oferecendo risco aos veículos.",/uploads/ocorrencia_936.jpg,Média,Secretaria de Obras,Equipe 09,7,Resolvida,2025-12-21,Buraco preenchido e via recapeada,2025-12-27,7,Problema solucionado após intervenção da equipe.
937,Alagamento,"Rua Paraná, 274",Bairro Novo,-25.423777,-49.281198,2024-09-24,01:59,Ponto da via apresenta acúmulo de água após chuva.,/uploads/ocorrencia_937.jpg,Baixa,Secretaria de Obras,Equipe 08,5,Resolvida,2024-09-26,Drenagem desobstruída e reparada,2024-09-29,5,Problema solucionado após intervenção da equipe.
938,Placa danificada,"Rua das Palmeiras, 684",Boa Vista,-25.51825,-49.281126,2024-02-04,10:44,Placa de sinalização danificada ou ilegível.,/uploads/ocorrencia_938.jpg,Média,Secretaria de Trânsito,Equipe 06,3,Resolvida,2024-02-04,Placa substituída,2024-02-07,3,Atendimento realizado dentro do prazo.
939,Lixo acumulado,"Avenida Central, 176",Boa Vista,-25.434807,-49.291258,2024-07-09,00:28,Acúmulo de resíduos em área pública.,/uploads/ocorrencia_939.jpg,Média,Secretaria de Limpeza,Equipe 07,7,Resolvida,2024-07-11,Resíduos recolhidos e área limpa,2024-07-14,5,Necessária vistoria técnica antes do atendimento.
940,Calçada quebrada,"Rua São José, 625",Jardim das Flores,-25.528429,-49.293526,2025-11-25,12:19,"Trecho da calçada danificado, dificultando a passagem.",/uploads/ocorrencia_940.jpg,Baixa,Secretaria de Obras,Equipe 05,5,Resolvida,2025-11-27,Calçada reparada,2025-11-27,2,Problema solucionado após intervenção da equipe.
941,Árvore caída,"Rua XV de Novembro, 534",Centro,-25.39963,-49.367527,2024-11-03,19:44,Árvore caída ocupando parte da via ou calçada.,/uploads/ocorrencia_941.jpg,Baixa,Secretaria de Meio Ambiente,Equipe 06,10,Resolvida,2024-11-05,Árvore removida e área liberada,2024-11-07,4,Atendimento realizado dentro do prazo.
942,Iluminação pública,"Rua XV de Novembro, 830",Jardim das Flores,-25.373409,-49.324679,2025-02-09,05:29,Poste com iluminação defeituosa ou apagada.,/uploads/ocorrencia_942.jpg,Baixa,Secretaria de Serviços Públicos,Equipe 02,5,Resolvida,2025-02-09,Lâmpada e componentes elétricos substituídos,2025-02-11,2,Ocorrência encaminhada para equipe responsável.
943,Calçada quebrada,"Rua das Palmeiras, 102",Vila Esperança,-25.518134,-49.375022,2024-06-06,21:35,"Trecho da calçada danificado, dificultando a passagem.",/uploads/ocorrencia_943.jpg,Média,Secretaria de Obras,Equipe 09,5,Resolvida,2024-06-07,Calçada reparada,2024-06-08,2,Necessária vistoria técnica antes do atendimento.
944,Calçada quebrada,"Rua das Palmeiras, 861",Vila Nova,-25.470023,-49.318222,2024-09-05,03:24,"Trecho da calçada danificado, dificultando a passagem.",/uploads/ocorrencia_944.jpg,Média,Secretaria de Obras,Equipe 05,3,Resolvida,2024-09-05,Calçada reparada,2024-09-08,3,Necessária vistoria técnica antes do atendimento.
945,Árvore caída,"Rua São José, 510",Bairro Novo,-25.476173,-49.315037,2025-08-23,00:14,Árvore caída ocupando parte da via ou calçada.,/uploads/ocorrencia_945.jpg,Média,Secretaria de Meio Ambiente,Equipe 14,7,Resolvida,2025-08-23,Árvore removida e área liberada,2025-08-26,3,Atendimento realizado dentro do prazo.
946,Árvore caída,"Rua Paraná, 151",Bairro Novo,-25.473187,-49.355031,2024-02-15,06:19,Árvore caída ocupando parte da via ou calçada.,/uploads/ocorrencia_946.jpg,Média,Secretaria de Meio Ambiente,Equipe 03,5,Resolvida,2024-02-16,Árvore removida e área liberada,2024-02-17,2,Serviço concluído e área liberada.
947,Alagamento,"Avenida Curitiba, 45",São Lucas,-25.383154,-49.283769,2025-03-07,05:10,Ponto da via apresenta acúmulo de água após chuva.,/uploads/ocorrencia_947.jpg,Baixa,Secretaria de Obras,Equipe 02,7,Resolvida,2025-03-09,Drenagem desobstruída e reparada,2025-03-13,6,Serviço concluído e área liberada.
948,Iluminação pública,"Rua das Flores, 174",São Lucas,-25.452772,-49.16002,2025-08-11,16:24,Poste com iluminação defeituosa ou apagada.,/uploads/ocorrencia_948.jpg,Baixa,Secretaria de Serviços Públicos,Equipe 07,10,Resolvida,2025-08-11,Lâmpada e componentes elétricos substituídos,2025-08-19,8,Necessária vistoria técnica antes do atendimento.
949,Buraco na rua,"Rua das Palmeiras, 274",Jardim das Flores,-25.407595,-49.188958,2024-04-28,19:51,"Buraco identificado na via, oferecendo risco aos veículos.",/uploads/ocorrencia_949.jpg,Média,Secretaria de Obras,Equipe 06,5,Resolvida,2024-04-29,Buraco preenchido e via recapeada,2024-05-02,4,Atendimento realizado dentro do prazo.
950,Lixo acumulado,"Rua das Palmeiras, 901",São Lucas,-25.510477,-49.196791,2024-06-02,00:21,Acúmulo de resíduos em área pública.,/uploads/ocorrencia_950.jpg,Média,Secretaria de Limpeza,Equipe 12,7,Resolvida,2024-06-03,Resíduos recolhidos e área limpa,2024-06-08,6,Necessária vistoria técnica antes do atendimento.
951,Árvore caída,"Avenida Curitiba, 298",Centro,-25.412722,-49.336918,2026-06-07,15:29,Árvore caída ocupando parte da via ou calçada.,/uploads/ocorrencia_951.jpg,Baixa,Secretaria de Meio Ambiente,Equipe 06,7,Resolvida,2026-06-09,Árvore removida e área liberada,2026-06-08,1,Serviço concluído e área liberada.
952,Buraco na rua,"Rua XV de Novembro, 310",Jardim das Flores,-25.527663,-49.217024,2024-01-18,14:20,"Buraco identificado na via, oferecendo risco aos veículos.",/uploads/ocorrencia_952.jpg,Média,Secretaria de Obras,Equipe 09,5,Resolvida,2024-01-20,Buraco preenchido e via recapeada,2024-01-20,2,Necessária vistoria técnica antes do atendimento.
953,Calçada quebrada,"Avenida Brasil, 557",Jardim América,-25.480923,-49.285492,2026-01-14,04:40,"Trecho da calçada danificado, dificultando a passagem.",/uploads/ocorrencia_953.jpg,Baixa,Secretaria de Obras,Equipe 10,7,Resolvida,2026-01-15,Calçada reparada,2026-01-18,4,Ocorrência encaminhada para equipe responsável.
954,Semáforo com defeito,"Rua das Flores, 88",Vila Nova,-25.447474,-49.21865,2024-02-09,04:38,Semáforo apresenta falha no funcionamento.,/uploads/ocorrencia_954.jpg,Baixa,Secretaria de Trânsito,Equipe 06,10,Resolvida,2024-02-10,Semáforo reparado,2024-02-11,2,Serviço concluído e área liberada.
955,Árvore caída,"Rua das Flores, 198",São Lucas,-25.356968,-49.201589,2024-09-20,23:41,Árvore caída ocupando parte da via ou calçada.,/uploads/ocorrencia_955.jpg,Alta,Secretaria de Meio Ambiente,Equipe 10,3,Resolvida,2024-09-21,Árvore removida e área liberada,2024-09-21,1,Serviço concluído e área liberada.
956,Alagamento,"Rua das Flores, 393",Vila Esperança,-25.494629,-49.23214,2024-08-08,13:17,Ponto da via apresenta acúmulo de água após chuva.,/uploads/ocorrencia_956.jpg,Média,Secretaria de Obras,Equipe 10,7,Resolvida,2024-08-08,Drenagem desobstruída e reparada,2024-08-15,7,Necessária vistoria técnica antes do atendimento.
957,Lixo acumulado,"Avenida Central, 15",Jardim das Flores,-25.457512,-49.202435,2024-01-20,13:42,Acúmulo de resíduos em área pública.,/uploads/ocorrencia_957.jpg,Média,Secretaria de Limpeza,Equipe 11,3,Resolvida,2024-01-21,Resíduos recolhidos e área limpa,2024-01-23,3,Serviço concluído e área liberada.
958,Iluminação pública,"Rua Paraná, 28",Vila Esperança,-25.465847,-49.251192,2024-08-14,02:39,Poste com iluminação defeituosa ou apagada.,/uploads/ocorrencia_958.jpg,Média,Secretaria de Serviços Públicos,Equipe 09,5,Resolvida,2024-08-16,Lâmpada e componentes elétricos substituídos,2024-08-19,5,Necessária vistoria técnica antes do atendimento.
959,Vazamento de água,"Rua São José, 358",Centro,-25.450205,-49.26694,2026-04-22,14:09,Vazamento de água identificado na via pública.,/uploads/ocorrencia_959.jpg,Baixa,Serviço de Abastecimento de Água,Equipe 03,7,Resolvida,2026-04-24,Vazamento reparado,2026-04-29,7,Necessária vistoria técnica antes do atendimento.
960,Alagamento,"Rua das Flores, 686",São Lucas,-25.50849,-49.153783,2024-03-21,20:31,Ponto da via apresenta acúmulo de água após chuva.,/uploads/ocorrencia_960.jpg,Alta,Secretaria de Obras,Equipe 06,3,Resolvida,2024-03-21,Drenagem desobstruída e reparada,2024-03-23,2,Serviço concluído e área liberada.
961,Alagamento,"Avenida Curitiba, 700",Boa Vista,-25.463694,-49.151044,2024-06-08,19:37,Ponto da via apresenta acúmulo de água após chuva.,/uploads/ocorrencia_961.jpg,Média,Secretaria de Obras,Equipe 01,3,Resolvida,2024-06-10,Drenagem desobstruída e reparada,2024-06-11,3,Serviço concluído e área liberada.
962,Semáforo com defeito,"Rua Paraná, 394",Vila Nova,-25.506339,-49.151967,2024-05-14,12:38,Semáforo apresenta falha no funcionamento.,/uploads/ocorrencia_962.jpg,Alta,Secretaria de Trânsito,Equipe 10,1,Resolvida,2024-05-15,Semáforo reparado,2024-05-15,1,Serviço concluído e área liberada.
963,Lixo acumulado,"Rua das Palmeiras, 573",Jardim América,-25.3959,-49.242431,2026-02-08,06:26,Acúmulo de resíduos em área pública.,/uploads/ocorrencia_963.jpg,Média,Secretaria de Limpeza,Equipe 11,7,Resolvida,2026-02-09,Resíduos recolhidos e área limpa,2026-02-12,4,Serviço concluído e área liberada.
964,Semáforo com defeito,"Rua Paraná, 889",São Lucas,-25.469989,-49.399166,2026-02-13,14:18,Semáforo apresenta falha no funcionamento.,/uploads/ocorrencia_964.jpg,Média,Secretaria de Trânsito,Equipe 14,5,Resolvida,2026-02-13,Semáforo reparado,2026-02-16,3,Serviço concluído e área liberada.
965,Vazamento de água,"Avenida Brasil, 402",Jardim América,-25.505161,-49.247573,2025-03-04,13:26,Vazamento de água identificado na via pública.,/uploads/ocorrencia_965.jpg,Média,Serviço de Abastecimento de Água,Equipe 09,3,Resolvida,2025-03-06,Vazamento reparado,2025-03-06,2,Atendimento realizado dentro do prazo.
966,Árvore caída,"Rua São José, 634",Centro,-25.545456,-49.249664,2025-08-05,20:30,Árvore caída ocupando parte da via ou calçada.,/uploads/ocorrencia_966.jpg,Baixa,Secretaria de Meio Ambiente,Equipe 13,10,Resolvida,2025-08-06,Árvore removida e área liberada,2025-08-07,2,Necessária vistoria técnica antes do atendimento.
967,Semáforo com defeito,"Rua XV de Novembro, 478",Vila Esperança,-25.52347,-49.383797,2026-06-14,07:11,Semáforo apresenta falha no funcionamento.,/uploads/ocorrencia_967.jpg,Média,Secretaria de Trânsito,Equipe 01,5,Resolvida,2026-06-15,Semáforo reparado,2026-06-17,3,Ocorrência encaminhada para equipe responsável.
968,Vazamento de água,"Rua Paraná, 710",Vila Nova,-25.389263,-49.190531,2024-09-04,05:29,Vazamento de água identificado na via pública.,/uploads/ocorrencia_968.jpg,Média,Serviço de Abastecimento de Água,Equipe 14,7,Resolvida,2024-09-04,Vazamento reparado,2024-09-11,7,Ocorrência encaminhada para equipe responsável.
969,Calçada quebrada,"Avenida Brasil, 17",Vila Nova,-25.535927,-49.295728,2025-11-29,21:26,"Trecho da calçada danificado, dificultando a passagem.",/uploads/ocorrencia_969.jpg,Média,Secretaria de Obras,Equipe 05,7,Resolvida,2025-11-30,Calçada reparada,2025-12-04,5,Problema solucionado após intervenção da equipe.
970,Iluminação pública,"Avenida Curitiba, 502",Centro,-25.470114,-49.168153,2024-03-02,09:51,Poste com iluminação defeituosa ou apagada.,/uploads/ocorrencia_970.jpg,Alta,Secretaria de Serviços Públicos,Equipe 11,2,Resolvida,2024-03-03,Lâmpada e componentes elétricos substituídos,2024-03-03,1,Necessária vistoria técnica antes do atendimento.
971,Árvore caída,"Avenida Brasil, 159",Bairro Novo,-25.467421,-49.315041,2026-02-15,18:48,Árvore caída ocupando parte da via ou calçada.,/uploads/ocorrencia_971.jpg,Alta,Secretaria de Meio Ambiente,Equipe 15,1,Resolvida,2026-02-16,Árvore removida e área liberada,2026-02-16,1,Ocorrência encaminhada para equipe responsável.
972,Vazamento de água,"Avenida Central, 109",Vila Esperança,-25.398604,-49.314389,2025-12-11,02:29,Vazamento de água identificado na via pública.,/uploads/ocorrencia_972.jpg,Baixa,Serviço de Abastecimento de Água,Equipe 12,10,Resolvida,2025-12-11,Vazamento reparado,2025-12-19,8,Necessária vistoria técnica antes do atendimento.
973,Placa danificada,"Avenida Central, 591",Vila Nova,-25.505796,-49.307287,2024-02-06,04:09,Placa de sinalização danificada ou ilegível.,/uploads/ocorrencia_973.jpg,Baixa,Secretaria de Trânsito,Equipe 06,10,Resolvida,2024-02-06,Placa substituída,2024-02-11,5,Serviço concluído e área liberada.
974,Alagamento,"Avenida Central, 496",Jardim América,-25.520695,-49.326917,2025-11-20,09:09,Ponto da via apresenta acúmulo de água após chuva.,/uploads/ocorrencia_974.jpg,Média,Secretaria de Obras,Equipe 07,7,Resolvida,2025-11-20,Drenagem desobstruída e reparada,2025-11-27,7,Serviço concluído e área liberada.
975,Calçada quebrada,"Rua Paraná, 607",Centro,-25.400909,-49.150971,2025-08-21,00:16,"Trecho da calçada danificado, dificultando a passagem.",/uploads/ocorrencia_975.jpg,Baixa,Secretaria de Obras,Equipe 07,7,Resolvida,2025-08-23,Calçada reparada,2025-08-27,6,Necessária vistoria técnica antes do atendimento.
976,Lixo acumulado,"Rua XV de Novembro, 611",Boa Vista,-25.516176,-49.268691,2024-11-17,16:23,Acúmulo de resíduos em área pública.,/uploads/ocorrencia_976.jpg,Alta,Secretaria de Limpeza,Equipe 03,2,Resolvida,2024-11-19,Resíduos recolhidos e área limpa,2024-11-19,2,Necessária vistoria técnica antes do atendimento.
977,Árvore caída,"Avenida Brasil, 360",Centro,-25.392145,-49.237501,2024-07-30,07:09,Árvore caída ocupando parte da via ou calçada.,/uploads/ocorrencia_977.jpg,Baixa,Secretaria de Meio Ambiente,Equipe 06,7,Resolvida,2024-08-01,Árvore removida e área liberada,2024-08-04,5,Necessária vistoria técnica antes do atendimento.
978,Vazamento de água,"Rua Paraná, 769",Centro,-25.448517,-49.332132,2025-11-11,01:25,Vazamento de água identificado na via pública.,/uploads/ocorrencia_978.jpg,Baixa,Serviço de Abastecimento de Água,Equipe 09,10,Resolvida,2025-11-12,Vazamento reparado,2025-11-13,2,Problema solucionado após intervenção da equipe.
979,Iluminação pública,"Avenida Curitiba, 590",Centro,-25.362733,-49.185619,2024-09-07,08:51,Poste com iluminação defeituosa ou apagada.,/uploads/ocorrencia_979.jpg,Média,Secretaria de Serviços Públicos,Equipe 04,7,Resolvida,2024-09-09,Lâmpada e componentes elétricos substituídos,2024-09-10,3,Necessária vistoria técnica antes do atendimento.
980,Lixo acumulado,"Avenida Central, 575",Centro,-25.489448,-49.348067,2026-01-30,06:46,Acúmulo de resíduos em área pública.,/uploads/ocorrencia_980.jpg,Baixa,Secretaria de Limpeza,Equipe 04,5,Resolvida,2026-02-01,Resíduos recolhidos e área limpa,2026-02-01,2,Problema solucionado após intervenção da equipe.
981,Vazamento de água,"Avenida Brasil, 559",Vila Nova,-25.45434,-49.289525,2024-02-22,10:50,Vazamento de água identificado na via pública.,/uploads/ocorrencia_981.jpg,Alta,Serviço de Abastecimento de Água,Equipe 08,3,Resolvida,2024-02-22,Vazamento reparado,2024-02-23,1,Ocorrência encaminhada para equipe responsável.
982,Iluminação pública,"Avenida Curitiba, 317",Vila Esperança,-25.51104,-49.198559,2025-08-18,13:55,Poste com iluminação defeituosa ou apagada.,/uploads/ocorrencia_982.jpg,Média,Secretaria de Serviços Públicos,Equipe 10,3,Resolvida,2025-08-20,Lâmpada e componentes elétricos substituídos,2025-08-21,3,Necessária vistoria técnica antes do atendimento.
983,Buraco na rua,"Rua das Palmeiras, 625",Jardim das Flores,-25.493249,-49.23868,2025-10-08,05:21,"Buraco identificado na via, oferecendo risco aos veículos.",/uploads/ocorrencia_983.jpg,Baixa,Secretaria de Obras,Equipe 05,10,Resolvida,2025-10-10,Buraco preenchido e via recapeada,2025-10-16,8,Problema solucionado após intervenção da equipe.
984,Calçada quebrada,"Avenida Central, 704",Boa Vista,-25.548697,-49.176658,2024-11-12,20:28,"Trecho da calçada danificado, dificultando a passagem.",/uploads/ocorrencia_984.jpg,Média,Secretaria de Obras,Equipe 09,3,Resolvida,2024-11-13,Calçada reparada,2024-11-14,2,Necessária vistoria técnica antes do atendimento.
985,Vazamento de água,"Rua XV de Novembro, 77",Jardim América,-25.412608,-49.194361,2025-11-20,09:06,Vazamento de água identificado na via pública.,/uploads/ocorrencia_985.jpg,Média,Serviço de Abastecimento de Água,Equipe 04,5,Resolvida,2025-11-22,Vazamento reparado,2025-11-24,4,Atendimento realizado dentro do prazo.
986,Calçada quebrada,"Avenida Central, 523",Vila Esperança,-25.507942,-49.232028,2026-02-23,16:30,"Trecho da calçada danificado, dificultando a passagem.",/uploads/ocorrencia_986.jpg,Baixa,Secretaria de Obras,Equipe 06,5,Resolvida,2026-02-25,Calçada reparada,2026-02-26,3,Ocorrência encaminhada para equipe responsável.
987,Calçada quebrada,"Rua XV de Novembro, 882",São Lucas,-25.430954,-49.295773,2025-11-09,05:20,"Trecho da calçada danificado, dificultando a passagem.",/uploads/ocorrencia_987.jpg,Baixa,Secretaria de Obras,Equipe 12,10,Resolvida,2025-11-11,Calçada reparada,2025-11-17,8,Serviço concluído e área liberada.
988,Calçada quebrada,"Avenida Curitiba, 966",Jardim das Flores,-25.479213,-49.213697,2024-11-06,11:09,"Trecho da calçada danificado, dificultando a passagem.",/uploads/ocorrencia_988.jpg,Alta,Secretaria de Obras,Equipe 08,2,Resolvida,2024-11-08,Calçada reparada,2024-11-08,2,Serviço concluído e área liberada.
989,Árvore caída,"Rua das Palmeiras, 15",São Lucas,-25.39659,-49.39513,2025-02-17,01:26,Árvore caída ocupando parte da via ou calçada.,/uploads/ocorrencia_989.jpg,Média,Secretaria de Meio Ambiente,Equipe 12,5,Resolvida,2025-02-18,Árvore removida e área liberada,2025-02-20,3,Ocorrência encaminhada para equipe responsável.
990,Calçada quebrada,"Avenida Central, 862",Jardim das Flores,-25.438006,-49.350137,2024-11-25,13:50,"Trecho da calçada danificado, dificultando a passagem.",/uploads/ocorrencia_990.jpg,Média,Secretaria de Obras,Equipe 04,5,Resolvida,2024-11-27,Calçada reparada,2024-11-29,4,Problema solucionado após intervenção da equipe.
991,Semáforo com defeito,"Avenida Central, 119",Vila Nova,-25.456026,-49.157217,2024-06-13,10:46,Semáforo apresenta falha no funcionamento.,/uploads/ocorrencia_991.jpg,Baixa,Secretaria de Trânsito,Equipe 01,7,Resolvida,2024-06-15,Semáforo reparado,2024-06-19,6,Necessária vistoria técnica antes do atendimento.
992,Vazamento de água,"Avenida Central, 631",Vila Esperança,-25.442421,-49.290469,2024-03-01,03:03,Vazamento de água identificado na via pública.,/uploads/ocorrencia_992.jpg,Média,Serviço de Abastecimento de Água,Equipe 05,7,Resolvida,2024-03-02,Vazamento reparado,2024-03-05,4,Atendimento realizado dentro do prazo.
993,Vazamento de água,"Avenida Brasil, 342",Jardim América,-25.490229,-49.350001,2026-01-20,13:52,Vazamento de água identificado na via pública.,/uploads/ocorrencia_993.jpg,Alta,Serviço de Abastecimento de Água,Equipe 02,1,Resolvida,2026-01-22,Vazamento reparado,2026-01-21,1,Necessária vistoria técnica antes do atendimento.
994,Calçada quebrada,"Avenida Central, 580",Boa Vista,-25.407719,-49.32151,2024-10-25,22:01,"Trecho da calçada danificado, dificultando a passagem.",/uploads/ocorrencia_994.jpg,Média,Secretaria de Obras,Equipe 14,3,Resolvida,2024-10-27,Calçada reparada,2024-10-27,2,Serviço concluído e área liberada.
995,Vazamento de água,"Rua XV de Novembro, 338",Vila Esperança,-25.429277,-49.16683,2025-04-16,11:21,Vazamento de água identificado na via pública.,/uploads/ocorrencia_995.jpg,Média,Serviço de Abastecimento de Água,Equipe 03,3,Resolvida,2025-04-17,Vazamento reparado,2025-04-19,3,Atendimento realizado dentro do prazo.
996,Árvore caída,"Rua das Palmeiras, 835",São Lucas,-25.436857,-49.151086,2024-02-19,16:03,Árvore caída ocupando parte da via ou calçada.,/uploads/ocorrencia_996.jpg,Média,Secretaria de Meio Ambiente,Equipe 09,7,Resolvida,2024-02-19,Árvore removida e área liberada,2024-02-23,4,Serviço concluído e área liberada.
997,Semáforo com defeito,"Avenida Central, 598",Vila Nova,-25.393882,-49.267059,2024-03-09,23:04,Semáforo apresenta falha no funcionamento.,/uploads/ocorrencia_997.jpg,Baixa,Secretaria de Trânsito,Equipe 13,10,Resolvida,2024-03-11,Semáforo reparado,2024-03-11,2,Problema solucionado após intervenção da equipe.
998,Iluminação pública,"Rua Paraná, 779",Vila Nova,-25.372129,-49.151413,2025-12-01,13:52,Poste com iluminação defeituosa ou apagada.,/uploads/ocorrencia_998.jpg,Baixa,Secretaria de Serviços Públicos,Equipe 03,7,Resolvida,2025-12-02,Lâmpada e componentes elétricos substituídos,2025-12-05,4,Serviço concluído e área liberada.
999,Iluminação pública,"Rua São José, 474",Jardim América,-25.435052,-49.398412,2025-12-10,23:52,Poste com iluminação defeituosa ou apagada.,/uploads/ocorrencia_999.jpg,Média,Secretaria de Serviços Públicos,Equipe 14,5,Resolvida,2025-12-11,Lâmpada e componentes elétricos substituídos,2025-12-12,2,Necessária vistoria técnica antes do atendimento.
1000,Buraco na rua,"Rua Paraná, 340",Centro,-25.458449,-49.23365,2024-09-22,07:37,"Buraco identificado na via, oferecendo risco aos veículos.",/uploads/ocorrencia_1000.jpg,Média,Secretaria de Obras,Equipe 13,7,Resolvida,2024-09-24,Buraco preenchido e via recapeada,2024-09-26,4,Problema solucionado após intervenção da equipe.
